time_of_purchase,location,coffee_name,milk_type,size,iced,barista,price
2025-02-12T10:55:36.000000,Downtown,Flat White,Oat,12,true,Danielle,5.47
2025-02-15T04:16:42.000000,SoHo,Flat White,Oat,12,true,Robert,2.85
2025-04-09T03:07:34.000000,Midtown West,Latte,Almond,20,true,Jeffrey,4.52
2025-04-27T21:36:38.000000,SoHo,Flat White,Coconut,20,false,Robert,4.18
2025-01-06T03:39:59.000000,Uptown,Macchiato,Oat,16,true,Joshua,5.29
2025-04-19T23:35:29.000000,Midtown West,Mocha,Whole,16,false,Angel,2.87
2025-02-08T14:39:02.000000,East Village,Cappuccino,Whole,12,false,Danielle,5.42
2025-05-20T00:53:35.000000,East Village,Latte,Soy,16,true,Jill,5.82
2025-05-07T04:40:51.000000,Uptown,Flat White,Oat,12,true,Danielle,5.15
2025-05-17T04:24:40.000000,Uptown,Macchiato,Oat,12,false,Patricia,3.61
2025-04-16T19:36:40.000000,Midtown West,Espresso,Almond,20,true,Jill,5.31
2025-03-23T11:06:14.000000,SoHo,Cappuccino,Coconut,16,true,Jeffrey,3.15
2025-02-12T19:19:39.000000,Midtown West,Flat White,Whole,16,false,Danielle,3.42
2025-03-29T05:27:57.000000,East Village,Espresso,Oat,20,false,Jeffrey,6.15
2025-04-25T10:10:37.000000,SoHo,Mocha,Coconut,12,false,Christopher,4.08
2025-02-24T00:27:45.000000,East Village,Mocha,Almond,16,false,Robert,4.66
2025-06-07T04:13:09.000000,Midtown West,Espresso,Almond,12,true,Joshua,4.54
2025-01-02T06:17:11.000000,SoHo,Mocha,Coconut,20,true,Joshua,5.67
2025-05-28T08:17:55.000000,East Village,Americano,2%,16,true,Anthony,6.48
2025-06-06T11:23:23.000000,East Village,Flat White,Coconut,16,false,Angel,5.23
2025-02-01T00:03:58.000000,Midtown West,Latte,Whole,20,false,Patricia,3.13
2025-05-16T13:33:55.000000,Uptown,Cappuccino,Almond,20,true,Robert,6.15
2025-03-24T01:31:33.000000,East Village,Mocha,Whole,12,false,Joshua,4.66
2025-03-08T01:40:56.000000,Uptown,Americano,Oat,12,true,Angel,6.22
2025-02-23T22:58:27.000000,SoHo,Mocha,Soy,12,true,Angel,2.84
2025-01-31T04:35:13.000000,Downtown,Mocha,Coconut,16,false,Christopher,6.29
2025-02-11T19:26:05.000000,SoHo,Mocha,Soy,20,false,Jeffrey,5.35
2025-05-29T06:08:25.000000,Downtown,Americano,Soy,12,false,Christopher,2.98
2025-03-07T08:38:39.000000,Downtown,Latte,Soy,12,true,Robert,3.42
2025-01-20T20:20:03.000000,Midtown West,Flat White,Coconut,16,true,Danielle,3.42
2025-01-19T00:13:37.000000,Downtown,Cappuccino,Almond,20,true,Jill,5.18
2025-03-15T18:35:22.000000,SoHo,Flat White,Soy,16,true,Anthony,4.39
2025-01-19T18:43:51.000000,SoHo,Latte,Oat,16,true,Patricia,3.92
2025-03-11T16:57:54.000000,Uptown,Flat White,Coconut,12,true,Angel,2.74
2025-03-08T18:56:59.000000,SoHo,Mocha,Almond,12,false,Robert,4.29
2025-04-28T05:34:02.000000,East Village,Americano,Almond,12,true,Angel,4.27
2025-02-21T08:45:23.000000,Downtown,Flat White,Soy,12,false,Danielle,6.38
2025-06-06T17:29:25.000000,Midtown West,Americano,2%,12,false,Jeffrey,5.96
2025-01-09T10:29:37.000000,SoHo,Latte,2%,16,false,Jill,6.21
2025-05-22T16:47:47.000000,SoHo,Flat White,Coconut,12,true,Robert,5.15
2025-03-31T05:04:30.000000,East Village,Espresso,Almond,12,false,Danielle,4.82
2025-04-15T03:00:14.000000,East Village,Latte,Oat,12,true,Anthony,4.41
2025-01-25T05:43:55.000000,Midtown West,Cappuccino,Oat,20,true,Joshua,2.77
2025-03-15T12:05:53.000000,East Village,Americano,Oat,12,true,Anthony,3.48
2025-01-16T07:14:07.000000,Uptown,Americano,Coconut,16,true,Anthony,4.76
2025-04-18T04:41:44.000000,SoHo,Flat White,Coconut,12,false,Erica,3.45
2025-02-26T22:18:35.000000,East Village,Americano,Whole,20,true,Angel,2.54
2025-05-03T01:40:25.000000,Downtown,Latte,Soy,16,true,Jeffrey,4.52
2025-05-01T02:30:39.000000,East Village,Mocha,Whole,20,false,Jill,3.13
2025-03-12T05:20:28.000000,East Village,Cappuccino,Coconut,16,true,Robert,2.53
2025-04-23T02:39:21.000000,East Village,Mocha,Whole,12,false,Angel,6.06
2025-02-07T08:07:47.000000,Downtown,Espresso,Soy,20,false,Jeffrey,5.37
2025-05-17T19:32:33.000000,Midtown West,Cappuccino,2%,12,false,Jill,6.12
2025-01-14T12:09:01.000000,Downtown,Macchiato,Whole,20,false,Danielle,2.51
2025-01-09T21:33:25.000000,SoHo,Mocha,Coconut,20,true,Christopher,4.71
2025-05-09T09:42:37.000000,Uptown,Latte,Oat,20,true,Joshua,4.68
2025-02-14T06:04:58.000000,Midtown West,Americano,Almond,16,true,Danielle,3.73
2025-05-31T02:45:34.000000,East Village,Flat White,Almond,16,true,Angel,3.91
2025-02-26T04:38:44.000000,Midtown West,Mocha,Almond,12,false,Joshua,6.03
2025-01-16T11:51:27.000000,Midtown West,Macchiato,2%,16,true,Jeffrey,3.57
2025-02-15T04:53:02.000000,SoHo,Macchiato,2%,16,false,Jeffrey,3.3
2025-01-20T14:42:02.000000,Downtown,Macchiato,Almond,16,false,Jeffrey,2.59
2025-03-15T19:30:59.000000,East Village,Espresso,Oat,16,false,Jill,3.9
2025-02-23T23:27:03.000000,Uptown,Latte,Oat,12,true,Jill,3.21
2025-03-30T01:02:42.000000,Uptown,Cappuccino,2%,16,true,Erica,5.41
2025-05-04T10:30:15.000000,SoHo,Americano,Soy,12,true,Jeffrey,3.52
2025-03-12T20:14:28.000000,Uptown,Espresso,2%,20,false,Angel,6.3
2025-02-01T14:01:22.000000,SoHo,Flat White,Oat,16,false,Jill,4.53
2025-03-13T21:10:06.000000,SoHo,Flat White,Whole,20,false,Robert,3.01
2025-03-10T23:40:53.000000,Uptown,Flat White,Coconut,16,true,Joshua,4.96
2025-02-10T16:22:24.000000,East Village,Espresso,Whole,20,false,Jeffrey,4.22
2025-05-11T03:14:33.000000,East Village,Americano,2%,16,true,Christopher,5.2
2025-02-21T20:12:24.000000,East Village,Flat White,Oat,16,true,Jill,4.56
2025-05-17T06:43:10.000000,Downtown,Macchiato,Almond,12,true,Jill,3.4
2025-05-13T17:33:46.000000,Midtown West,Latte,Almond,16,false,Christopher,4.95
2025-05-06T20:03:49.000000,SoHo,Flat White,Soy,16,false,Jeffrey,5.37
2025-01-14T20:45:35.000000,Midtown West,Mocha,Almond,16,true,Danielle,6.07
2025-04-29T06:45:22.000000,East Village,Mocha,Coconut,12,true,Robert,4.36
2025-05-04T07:12:47.000000,East Village,Americano,Almond,20,false,Christopher,5.17
2025-02-03T05:33:50.000000,East Village,Macchiato,2%,16,false,Anthony,5.76
2025-04-14T17:16:20.000000,Downtown,Mocha,Coconut,20,false,Christopher,4.3
2025-05-22T13:58:37.000000,Uptown,Macchiato,Soy,16,true,Christopher,5.01
2025-02-17T12:54:05.000000,Uptown,Flat White,Whole,20,true,Jeffrey,3.59
2025-02-01T17:30:38.000000,Downtown,Mocha,Almond,20,true,Jeffrey,4.03
2025-03-31T18:17:19.000000,SoHo,Latte,2%,16,true,Patricia,3.82
2025-03-15T16:23:25.000000,East Village,Mocha,2%,20,true,Patricia,6.12
2025-02-22T10:02:52.000000,Uptown,Macchiato,Soy,16,false,Patricia,4.41
2025-05-05T06:36:54.000000,East Village,Macchiato,2%,20,true,Robert,5.49
2025-05-14T15:04:01.000000,Midtown West,Americano,Almond,16,false,Jill,4.24
2025-04-19T03:34:26.000000,SoHo,Flat White,Coconut,12,true,Patricia,5.4
2025-02-12T15:28:51.000000,Midtown West,Americano,Soy,20,false,Anthony,5.15
2025-05-13T22:32:01.000000,SoHo,Mocha,2%,16,true,Joshua,2.7
2025-03-04T23:16:01.000000,SoHo,Americano,Whole,16,false,Erica,5.54
2025-05-30T04:36:02.000000,East Village,Espresso,Oat,12,false,Christopher,2.58
2025-05-31T16:25:18.000000,Midtown West,Mocha,Coconut,12,true,Angel,5.62
2025-01-11T20:41:23.000000,Downtown,Mocha,Oat,16,true,Anthony,3.11
2025-02-14T11:26:28.000000,Uptown,Cappuccino,Almond,12,true,Christopher,5.3
2025-01-07T05:35:52.000000,Midtown West,Macchiato,Almond,16,false,Jill,2.93
2025-06-06T07:47:07.000000,Downtown,Americano,Coconut,12,false,Jeffrey,2.8
2025-03-03T06:07:03.000000,East Village,Macchiato,Coconut,12,false,Anthony,5.72
2025-03-19T21:33:48.000000,Uptown,Cappuccino,2%,12,false,Erica,2.78
2025-02-21T23:45:46.000000,Uptown,Macchiato,2%,20,false,Angel,4.23
2025-01-13T20:27:40.000000,East Village,Flat White,Almond,20,false,Patricia,3.2
2025-02-10T23:15:04.000000,East Village,Cappuccino,Soy,16,false,Christopher,4.36
2025-04-21T03:15:02.000000,SoHo,Macchiato,Almond,12,false,Angel,3.62
2025-05-20T09:43:22.000000,SoHo,Cappuccino,Soy,16,true,Patricia,3.85
2025-03-03T02:30:18.000000,Uptown,Americano,Almond,16,false,Erica,5.69
2025-02-11T06:54:41.000000,Midtown West,Cappuccino,Oat,12,false,Robert,6.29
2025-05-08T06:33:56.000000,SoHo,Americano,Soy,16,true,Jeffrey,5.26
2025-04-07T22:35:10.000000,Downtown,Latte,Whole,16,false,Jeffrey,4.12
2025-03-18T19:46:41.000000,East Village,Americano,Soy,16,false,Robert,3.88
2025-05-05T19:54:24.000000,Downtown,Flat White,2%,12,true,Jill,3.73
2025-03-31T02:24:16.000000,Downtown,Espresso,Oat,12,true,Robert,6.3
2025-01-28T17:49:47.000000,East Village,Flat White,2%,20,false,Jill,5.4
2025-02-21T10:25:51.000000,Downtown,Latte,Almond,16,true,Jill,3.41
2025-01-28T02:43:28.000000,Midtown West,Flat White,Soy,20,false,Joshua,3.6
2025-02-17T21:22:02.000000,Midtown West,Flat White,Almond,20,false,Christopher,2.91
2025-05-25T15:54:01.000000,Midtown West,Americano,2%,16,false,Christopher,3.86
2025-04-20T00:09:54.000000,East Village,Latte,Oat,20,true,Patricia,4.47
2025-04-15T15:48:58.000000,Midtown West,Mocha,Almond,12,true,Anthony,6.3
2025-02-21T00:27:52.000000,East Village,Cappuccino,2%,12,false,Anthony,4.88
2025-05-26T01:20:12.000000,SoHo,Americano,2%,16,true,Jill,5.94
2025-04-24T12:22:05.000000,Downtown,Cappuccino,Coconut,20,true,Angel,6.29
2025-03-25T04:38:46.000000,Downtown,Espresso,Coconut,20,true,Angel,3.13
2025-04-24T07:27:37.000000,East Village,Mocha,Oat,16,false,Patricia,4.3
2025-03-19T13:20:28.000000,SoHo,Latte,Almond,12,true,Jill,5.33
2025-03-12T07:01:32.000000,Downtown,Espresso,Coconut,16,true,Anthony,5.14
2025-02-12T14:06:31.000000,Downtown,Cappuccino,Almond,12,true,Joshua,6.13
2025-01-27T20:40:21.000000,East Village,Mocha,Whole,16,false,Anthony,5.5
2025-04-09T22:33:52.000000,Uptown,Latte,2%,20,false,Jill,5.3
2025-04-06T19:57:01.000000,SoHo,Americano,Oat,20,false,Anthony,2.66
2025-01-18T15:40:06.000000,East Village,Cappuccino,Whole,20,true,Danielle,2.87
2025-05-27T18:12:00.000000,Downtown,Macchiato,Coconut,16,false,Jill,4.8
2025-01-10T03:34:41.000000,SoHo,Espresso,Almond,12,false,Anthony,4.24
2025-01-22T07:00:07.000000,Midtown West,Espresso,2%,12,false,Erica,3.78
2025-01-30T16:17:31.000000,SoHo,Americano,Coconut,20,true,Christopher,3.65
2025-05-02T20:06:37.000000,Midtown West,Americano,Oat,16,true,Erica,3.51
2025-02-01T01:34:12.000000,Downtown,Flat White,Soy,20,false,Christopher,4.15
2025-06-03T19:21:26.000000,Downtown,Cappuccino,2%,16,true,Christopher,5.54
2025-05-13T03:16:20.000000,East Village,Espresso,2%,12,true,Christopher,2.99
2025-03-23T23:24:28.000000,Midtown West,Espresso,Soy,12,true,Danielle,4.71
2025-04-26T19:28:03.000000,Uptown,Americano,Oat,20,false,Joshua,4.49
2025-01-13T08:03:38.000000,East Village,Americano,2%,12,false,Christopher,3.47
2025-03-16T17:08:44.000000,Downtown,Mocha,Soy,12,false,Robert,5.49
2025-03-16T02:28:29.000000,East Village,Macchiato,2%,16,true,Erica,6.24
2025-04-26T17:02:28.000000,East Village,Espresso,Coconut,20,false,Jill,5.85
2025-04-01T21:16:14.000000,Uptown,Macchiato,Almond,16,false,Christopher,4.65
2025-04-13T17:51:05.000000,Downtown,Americano,Whole,20,false,Jeffrey,6.42
2025-02-18T19:40:28.000000,SoHo,Mocha,2%,20,false,Danielle,3.77
2025-04-18T10:13:10.000000,Midtown West,Americano,Coconut,12,false,Joshua,4.48
2025-01-03T05:30:19.000000,SoHo,Macchiato,Oat,12,true,Christopher,2.9
2025-05-13T02:21:01.000000,Uptown,Americano,Coconut,16,false,Joshua,2.8
2025-05-20T22:48:25.000000,East Village,Flat White,Oat,16,false,Erica,5.91
2025-01-23T05:50:59.000000,Midtown West,Flat White,Coconut,20,true,Christopher,5.99
2025-05-13T09:00:02.000000,Midtown West,Mocha,Coconut,16,true,Jill,6.49
2025-04-15T06:27:47.000000,Uptown,Macchiato,Coconut,12,true,Angel,4.27
2025-05-26T19:20:39.000000,SoHo,Espresso,Oat,12,true,Jill,3.93
2025-02-21T19:29:43.000000,Downtown,Cappuccino,2%,12,true,Anthony,5.23
2025-05-30T05:55:46.000000,Downtown,Latte,Soy,16,true,Patricia,4.98
2025-05-05T11:05:54.000000,Midtown West,Mocha,2%,16,false,Jill,4.34
2025-03-08T01:19:57.000000,Uptown,Flat White,Soy,20,false,Joshua,2.8
2025-01-22T15:52:14.000000,Uptown,Flat White,2%,12,false,Jill,4.33
2025-02-26T23:48:35.000000,East Village,Macchiato,2%,16,false,Angel,3.45
2025-03-26T10:09:10.000000,SoHo,Flat White,Whole,16,true,Danielle,6.41
2025-01-31T17:04:06.000000,SoHo,Cappuccino,Coconut,16,true,Danielle,6.14
2025-03-30T02:30:20.000000,East Village,Cappuccino,Whole,16,true,Jeffrey,5.05
2025-01-01T15:07:27.000000,SoHo,Flat White,Oat,12,false,Danielle,3.74
2025-05-21T05:11:34.000000,Uptown,Flat White,Almond,20,false,Angel,6.14
2025-05-20T17:57:18.000000,Uptown,Mocha,Almond,20,false,Joshua,5.65
2025-02-21T03:28:54.000000,SoHo,Macchiato,Almond,16,false,Jill,6.16
2025-04-08T04:54:01.000000,Downtown,Macchiato,Oat,12,false,Christopher,6.35
2025-05-28T23:00:04.000000,SoHo,Macchiato,Soy,12,false,Erica,2.86
2025-02-04T16:34:41.000000,Uptown,Cappuccino,Oat,20,false,Christopher,3.97
2025-04-09T13:58:05.000000,Downtown,Macchiato,Coconut,16,true,Erica,2.93
2025-01-21T15:54:37.000000,Downtown,Cappuccino,Soy,20,true,Erica,6.16
2025-05-02T10:06:36.000000,Midtown West,Flat White,2%,12,true,Jill,5.1
2025-02-27T22:51:12.000000,Downtown,Latte,Whole,20,true,Christopher,2.96
2025-05-05T01:43:13.000000,East Village,Americano,2%,16,true,Erica,5.18
2025-04-09T13:52:49.000000,East Village,Americano,Coconut,16,false,Angel,5.83
2025-04-29T06:00:24.000000,SoHo,Latte,Coconut,12,false,Erica,3.37
2025-02-08T14:59:34.000000,Uptown,Latte,Coconut,12,false,Erica,4.68
2025-01-30T16:16:57.000000,SoHo,Espresso,Almond,12,true,Angel,6.3
2025-03-14T14:33:53.000000,Midtown West,Flat White,Coconut,16,true,Anthony,6.38
2025-05-29T01:33:28.000000,East Village,Mocha,Soy,12,true,Jeffrey,2.77
2025-02-01T08:52:23.000000,East Village,Macchiato,Almond,12,false,Erica,5.6
2025-04-15T17:41:18.000000,Downtown,Macchiato,Almond,12,true,Joshua,4.66
2025-06-01T04:39:44.000000,Downtown,Mocha,Oat,20,false,Erica,5.66
2025-04-13T23:37:38.000000,SoHo,Latte,Almond,20,true,Jill,2.71
2025-01-01T02:39:54.000000,Uptown,Flat White,Oat,20,true,Christopher,4.29
2025-04-27T07:17:02.000000,Midtown West,Americano,Soy,20,false,Jeffrey,6.28
2025-03-04T22:40:36.000000,SoHo,Americano,Coconut,16,false,Danielle,2.74
2025-04-05T21:04:03.000000,SoHo,Flat White,Oat,12,true,Christopher,5.35
2025-01-04T18:46:05.000000,Uptown,Espresso,Soy,20,false,Joshua,2.76
2025-01-22T17:20:28.000000,East Village,Americano,Soy,20,false,Robert,3.68
2025-03-12T11:36:46.000000,East Village,Latte,Coconut,20,true,Angel,5.91
2025-06-06T15:50:35.000000,SoHo,Americano,2%,16,false,Jeffrey,4.16
2025-03-01T17:07:10.000000,Uptown,Flat White,Oat,16,true,Erica,4.21
2025-02-16T11:55:43.000000,Midtown West,Flat White,2%,12,false,Angel,2.86
2025-01-12T05:57:03.000000,East Village,Latte,Coconut,12,false,Erica,5.75
2025-02-16T18:32:34.000000,SoHo,Flat White,Oat,20,true,Patricia,3.91
2025-04-21T04:04:29.000000,East Village,Espresso,Soy,20,true,Jill,3.91
2025-01-16T07:02:04.000000,Midtown West,Mocha,Coconut,16,false,Christopher,3.4
2025-01-17T15:10:26.000000,SoHo,Latte,Whole,20,true,Anthony,3.4
2025-05-23T02:56:11.000000,Uptown,Cappuccino,Coconut,20,false,Jill,2.62
2025-04-05T08:52:46.000000,Downtown,Espresso,Whole,20,false,Danielle,3.23
2025-06-08T10:56:38.000000,East Village,Latte,Almond,12,false,Danielle,2.87
2025-01-14T10:33:13.000000,Uptown,Americano,2%,20,false,Erica,3.13
2025-05-28T16:39:46.000000,Midtown West,Macchiato,Soy,12,true,Anthony,2.84
2025-04-14T10:35:26.000000,Uptown,Macchiato,Soy,16,false,Danielle,5.2
2025-05-29T17:02:49.000000,Downtown,Americano,Soy,20,true,Christopher,4.16
2025-01-25T10:05:11.000000,East Village,Espresso,2%,16,false,Angel,3.63
2025-01-25T22:20:51.000000,Midtown West,Latte,Almond,12,true,Patricia,6.44
2025-05-09T02:39:42.000000,Uptown,Espresso,Almond,16,true,Joshua,5.56
2025-04-03T06:58:35.000000,SoHo,Latte,2%,20,true,Patricia,3.2
2025-04-17T18:16:13.000000,Midtown West,Cappuccino,Soy,16,true,Erica,2.79
2025-02-02T01:32:50.000000,East Village,Americano,Oat,16,false,Erica,4.8
2025-02-21T11:15:12.000000,Uptown,Espresso,Oat,12,false,Patricia,2.58
2025-04-13T11:08:17.000000,Midtown West,Macchiato,Coconut,12,false,Erica,2.85
2025-04-28T18:55:57.000000,Uptown,Cappuccino,2%,20,false,Robert,2.81
2025-03-24T03:57:56.000000,Midtown West,Mocha,Whole,20,true,Joshua,2.81
2025-02-11T03:03:04.000000,Downtown,Macchiato,Whole,12,true,Erica,5.41
2025-04-15T17:18:06.000000,Downtown,Mocha,Whole,20,true,Jeffrey,3.19
2025-05-27T15:47:27.000000,East Village,Mocha,Coconut,20,false,Christopher,4.36
2025-05-22T17:43:31.000000,Uptown,Flat White,Soy,12,false,Anthony,3.79
2025-05-14T23:00:58.000000,Uptown,Latte,2%,20,true,Christopher,5.03
2025-02-09T01:25:54.000000,SoHo,Espresso,Soy,12,true,Angel,3.74
2025-05-19T10:34:58.000000,Midtown West,Espresso,Whole,20,false,Angel,5.08
2025-03-02T12:42:11.000000,Midtown West,Americano,Soy,16,true,Robert,6.32
2025-03-19T11:26:19.000000,Midtown West,Espresso,Soy,16,true,Christopher,4.51
2025-05-11T10:17:17.000000,Downtown,Macchiato,Whole,12,true,Angel,4.52
2025-05-07T04:39:04.000000,East Village,Flat White,2%,12,false,Christopher,4.6
2025-03-14T12:15:56.000000,Uptown,Espresso,Whole,20,true,Patricia,4.14
2025-03-27T01:41:39.000000,Midtown West,Macchiato,Coconut,20,false,Erica,2.76
2025-04-11T12:04:41.000000,Uptown,Espresso,Whole,12,true,Anthony,5.99
2025-03-29T16:04:40.000000,Midtown West,Espresso,Whole,16,false,Patricia,3.02
2025-01-24T11:55:13.000000,East Village,Flat White,Whole,12,false,Joshua,5.18
2025-02-18T03:19:26.000000,Downtown,Cappuccino,Whole,12,false,Danielle,3.95
2025-02-13T15:09:55.000000,Downtown,Macchiato,2%,12,true,Jeffrey,3.41
2025-01-13T10:22:56.000000,East Village,Espresso,Oat,12,false,Robert,5.58
2025-03-07T15:35:34.000000,Downtown,Macchiato,Soy,12,true,Joshua,4.89
2025-01-05T02:01:36.000000,Downtown,Macchiato,Coconut,20,false,Anthony,5.74
2025-04-25T05:43:02.000000,Downtown,Latte,2%,16,false,Erica,5.21
2025-04-18T13:27:41.000000,Downtown,Macchiato,Coconut,16,false,Christopher,3.44
2025-02-14T16:24:44.000000,East Village,Macchiato,Almond,16,false,Erica,5.21
2025-04-25T06:19:46.000000,SoHo,Macchiato,Whole,12,true,Patricia,4.51
2025-02-12T18:17:14.000000,Midtown West,Macchiato,Soy,20,false,Joshua,5.99
2025-01-02T09:30:42.000000,East Village,Macchiato,Whole,12,false,Robert,6.24
2025-01-14T18:51:06.000000,East Village,Latte,Almond,12,false,Jill,4.3
2025-05-18T10:46:40.000000,Midtown West,Latte,Almond,16,true,Christopher,6.04
2025-05-03T13:09:10.000000,Midtown West,Americano,Soy,16,true,Erica,3.44
2025-01-12T10:22:17.000000,Uptown,Latte,Whole,12,true,Angel,5.86
2025-02-14T10:56:45.000000,Downtown,Latte,Whole,20,false,Christopher,5.28
2025-01-14T02:06:29.000000,Midtown West,Americano,Soy,16,true,Danielle,6.12
2025-01-07T02:23:41.000000,East Village,Macchiato,Almond,20,false,Robert,6.26
2025-03-06T03:54:30.000000,Midtown West,Latte,Whole,12,false,Jeffrey,3.7
2025-01-14T18:13:09.000000,SoHo,Flat White,Soy,20,true,Christopher,2.75
2025-04-10T20:08:28.000000,Downtown,Flat White,Soy,16,false,Anthony,3.47
2025-02-16T05:10:55.000000,SoHo,Latte,Soy,12,true,Erica,3.46
2025-02-24T01:47:53.000000,East Village,Cappuccino,Whole,20,true,Angel,6.31
2025-05-10T21:39:44.000000,Uptown,Americano,2%,16,true,Danielle,5.04
2025-04-05T06:11:43.000000,Midtown West,Espresso,Oat,20,false,Erica,3.46
2025-02-11T14:24:57.000000,Downtown,Mocha,Oat,20,false,Erica,4.68
2025-04-15T17:00:44.000000,Midtown West,Flat White,2%,20,false,Joshua,5.75
2025-01-26T16:37:04.000000,Downtown,Latte,Whole,12,false,Jeffrey,2.68
2025-05-21T11:04:02.000000,East Village,Espresso,Soy,16,false,Patricia,6.46
2025-04-21T21:15:13.000000,Midtown West,Latte,Coconut,20,false,Jeffrey,3.64
2025-04-22T21:20:27.000000,SoHo,Espresso,Oat,20,false,Erica,4.25
2025-04-02T18:48:23.000000,SoHo,Americano,Whole,16,false,Joshua,4.48
2025-02-17T04:26:57.000000,East Village,Macchiato,Oat,12,false,Patricia,2.82
2025-06-02T08:35:29.000000,Uptown,Espresso,Oat,16,false,Angel,3.81
2025-04-02T20:12:49.000000,SoHo,Cappuccino,Coconut,16,false,Patricia,3.17
2025-06-06T19:12:31.000000,SoHo,Latte,Coconut,16,true,Erica,4.96
2025-03-21T01:02:12.000000,Downtown,Latte,Coconut,12,true,Patricia,3.95
2025-02-06T23:22:28.000000,Midtown West,Macchiato,Soy,12,false,Christopher,2.64
2025-01-19T07:35:24.000000,Downtown,Espresso,2%,20,false,Anthony,2.63
2025-01-19T19:43:49.000000,East Village,Espresso,Whole,12,false,Christopher,5.55
2025-05-08T23:04:55.000000,Midtown West,Americano,Whole,12,true,Jill,3.5
2025-03-25T16:50:38.000000,Midtown West,Americano,Soy,16,false,Patricia,6.15
2025-03-10T19:08:46.000000,Uptown,Flat White,2%,20,false,Jeffrey,6.49
2025-03-24T06:01:10.000000,SoHo,Mocha,Oat,12,false,Joshua,5.91
2025-03-21T19:52:31.000000,Midtown West,Latte,Coconut,20,false,Erica,5.17
2025-04-01T16:29:33.000000,East Village,Espresso,Almond,12,true,Joshua,5.67
2025-05-22T13:44:23.000000,Midtown West,Mocha,Almond,16,false,Jeffrey,5.66
2025-01-11T12:27:21.000000,Midtown West,Americano,Soy,12,false,Joshua,4.95
2025-05-11T18:06:22.000000,SoHo,Americano,Coconut,20,true,Christopher,4.6
2025-05-07T21:19:23.000000,East Village,Mocha,Whole,16,true,Angel,4.3
2025-05-06T11:24:57.000000,Downtown,Macchiato,Soy,16,true,Anthony,3.23
2025-01-20T02:39:37.000000,Downtown,Macchiato,Oat,12,false,Robert,3.11
2025-01-12T18:28:31.000000,East Village,Flat White,Almond,16,true,Erica,6.29
2025-03-20T04:21:04.000000,Uptown,Espresso,Almond,20,true,Robert,3.6
2025-05-22T09:43:16.000000,East Village,Cappuccino,Coconut,12,true,Joshua,4.87
2025-03-07T21:15:53.000000,East Village,Flat White,Soy,12,true,Anthony,3.85
2025-06-05T11:01:53.000000,Downtown,Latte,Oat,20,false,Anthony,3.56
2025-01-22T05:13:50.000000,East Village,Cappuccino,Coconut,16,false,Danielle,4.49
2025-02-18T06:49:21.000000,Midtown West,Americano,Almond,20,true,Patricia,3.69
2025-02-07T04:52:28.000000,Downtown,Mocha,2%,16,true,Patricia,4.44
2025-02-06T22:26:15.000000,Uptown,Espresso,Coconut,16,true,Erica,5.44
2025-04-15T03:16:21.000000,Uptown,Macchiato,Whole,12,false,Robert,4.75
2025-03-29T02:41:26.000000,Midtown West,Latte,Whole,12,false,Christopher,3.49
2025-01-28T05:17:48.000000,Downtown,Americano,Soy,16,false,Patricia,3.49
2025-03-23T22:06:39.000000,SoHo,Mocha,Almond,16,false,Christopher,6.48
2025-02-05T15:06:58.000000,East Village,Americano,Oat,16,true,Angel,6.28
2025-02-24T02:06:52.000000,Uptown,Mocha,Soy,16,false,Erica,2.69
2025-03-31T20:00:11.000000,SoHo,Espresso,Soy,12,false,Danielle,5.89
2025-02-18T12:10:56.000000,SoHo,Flat White,Whole,12,true,Patricia,3.96
2025-01-15T15:19:08.000000,East Village,Espresso,Soy,16,false,Jill,2.79
2025-03-28T01:08:20.000000,Midtown West,Macchiato,Soy,16,false,Anthony,2.98
2025-06-06T21:39:23.000000,Downtown,Macchiato,Whole,12,false,Robert,6.26
2025-04-17T20:42:06.000000,Uptown,Cappuccino,Oat,16,false,Danielle,2.66
2025-01-20T00:17:15.000000,East Village,Mocha,Soy,16,true,Robert,3.06
2025-01-10T19:45:31.000000,East Village,Americano,Soy,20,false,Jill,4.87
2025-05-07T15:12:55.000000,Midtown West,Flat White,Soy,16,false,Jill,4.4
2025-04-15T23:19:20.000000,Midtown West,Flat White,Oat,20,false,Patricia,4.83
2025-01-03T20:46:35.000000,Midtown West,Espresso,Coconut,20,false,Anthony,4.81
2025-01-19T02:38:09.000000,SoHo,Mocha,Soy,12,true,Anthony,5.6
2025-05-27T07:52:11.000000,SoHo,Latte,Soy,16,false,Angel,3.26
2025-02-15T21:36:29.000000,East Village,Mocha,2%,16,true,Jeffrey,4.14
2025-02-02T07:03:57.000000,Uptown,Flat White,Almond,20,false,Robert,3.33
2025-03-20T22:01:36.000000,SoHo,Cappuccino,2%,20,false,Erica,6.33
2025-04-05T07:15:06.000000,Downtown,Cappuccino,Whole,12,false,Jill,4.94
2025-04-04T11:17:34.000000,Uptown,Cappuccino,Whole,16,true,Jeffrey,6.27
2025-02-11T12:08:04.000000,Uptown,Flat White,Coconut,20,false,Christopher,3.77
2025-03-19T20:58:59.000000,SoHo,Espresso,Oat,16,false,Anthony,5.21
2025-01-12T09:15:38.000000,Midtown West,Macchiato,Almond,16,false,Jill,2.67
2025-02-01T23:15:52.000000,East Village,Flat White,Whole,16,false,Christopher,3.36
2025-03-15T14:08:33.000000,Downtown,Mocha,Oat,12,true,Anthony,5.46
2025-01-01T10:02:41.000000,Midtown West,,Soy,12,false,Jeffrey,5.05
2025-03-17T19:29:50.000000,Downtown,Espresso,Coconut,12,true,Christopher,2.9
2025-02-21T11:56:08.000000,Downtown,Americano,Coconut,16,false,Christopher,4.41
2025-06-02T06:02:01.000000,Midtown West,Espresso,Coconut,20,true,Danielle,6.13
2025-06-02T10:58:04.000000,Downtown,Cappuccino,Coconut,16,true,Danielle,6.15
2025-03-30T08:29:33.000000,Uptown,Latte,2%,12,true,Christopher,3.25
2025-02-25T09:21:27.000000,Uptown,Espresso,Soy,16,false,Anthony,2.93
2025-03-24T03:21:27.000000,Downtown,Flat White,Soy,20,false,Robert,4.48
2025-05-16T06:21:06.000000,SoHo,Espresso,Almond,20,false,Angel,3.82
2025-05-22T20:24:05.000000,Uptown,Flat White,Almond,20,true,Danielle,5.45
2025-06-02T02:43:45.000000,East Village,Mocha,Soy,16,true,Patricia,5.81
2025-04-18T22:04:05.000000,Downtown,Americano,Coconut,16,false,Angel,3.24
2025-05-09T12:32:37.000000,SoHo,Mocha,Oat,16,false,Jill,4.03
2025-05-20T12:01:30.000000,Uptown,Espresso,Soy,20,true,Anthony,2.55
2025-04-05T12:03:11.000000,Downtown,Latte,Coconut,16,false,Angel,4.36
2025-01-31T01:24:19.000000,Downtown,Flat White,Oat,12,true,Jill,3.97
2025-02-06T20:59:17.000000,East Village,Americano,Almond,16,false,Christopher,5.49
2025-02-27T14:45:31.000000,Downtown,Flat White,Soy,12,true,Christopher,5.53
2025-02-12T06:33:34.000000,Midtown West,Cappuccino,2%,20,true,Robert,5.32
2025-01-12T08:33:06.000000,East Village,Latte,Soy,12,true,Robert,3.31
2025-04-23T11:10:32.000000,Downtown,Espresso,Soy,20,false,Christopher,2.96
2025-05-23T20:47:01.000000,SoHo,Latte,Soy,12,false,Christopher,5.73
2025-04-16T06:48:46.000000,Uptown,Americano,Soy,20,true,Danielle,4.74
2025-01-12T20:04:58.000000,East Village,Americano,Whole,12,true,Danielle,5.48
2025-05-26T05:49:07.000000,Midtown West,Americano,Whole,12,false,Angel,4.66
2025-03-02T21:30:15.000000,Downtown,Latte,Whole,20,false,Patricia,3.22
2025-01-12T02:24:34.000000,SoHo,Espresso,2%,16,true,Christopher,5.98
2025-01-10T17:40:48.000000,Uptown,Flat White,Coconut,12,true,Robert,3.03
2025-04-24T10:27:53.000000,Downtown,Cappuccino,2%,12,true,Robert,3.01
2025-04-03T13:59:43.000000,SoHo,Espresso,2%,12,true,Robert,4.2
2025-04-08T15:27:09.000000,Midtown West,Americano,Whole,12,false,Joshua,3.6
2025-04-14T03:13:37.000000,Midtown West,Cappuccino,Oat,20,true,Jeffrey,3.32
2025-01-31T13:41:22.000000,Midtown West,Americano,Soy,16,false,Danielle,3.48
2025-01-12T01:04:40.000000,Midtown West,Mocha,Soy,12,false,Jeffrey,5.52
2025-04-09T14:39:08.000000,East Village,Mocha,Coconut,20,false,Anthony,3.78
2025-01-16T13:20:47.000000,East Village,Mocha,Whole,12,false,Joshua,6.44
2025-02-06T02:00:25.000000,East Village,Espresso,Whole,20,true,Danielle,4.73
2025-01-14T07:19:57.000000,Midtown West,Flat White,Coconut,16,false,Patricia,4.72
2025-04-26T13:03:52.000000,SoHo,Macchiato,Soy,12,false,Erica,5.29
2025-01-14T04:43:14.000000,Downtown,Americano,Almond,16,true,Robert,4.39
2025-05-12T02:43:06.000000,SoHo,Macchiato,2%,20,true,Danielle,4.75
2025-02-15T16:07:46.000000,Midtown West,Americano,Almond,16,false,Jill,3.31
2025-03-20T09:43:49.000000,SoHo,Latte,Soy,20,true,Jeffrey,2.71
2025-01-24T06:42:43.000000,East Village,Macchiato,Oat,20,true,Jeffrey,5.72
2025-04-21T14:52:47.000000,Midtown West,Americano,Almond,12,true,Erica,3.71
2025-02-17T19:26:48.000000,East Village,Flat White,Oat,20,true,Christopher,6.16
2025-04-23T09:57:30.000000,Uptown,Americano,Almond,16,false,Robert,3.79
2025-04-26T10:39:36.000000,Uptown,Cappuccino,Coconut,20,false,Erica,3.73
2025-01-08T17:12:34.000000,Uptown,Americano,Oat,12,false,Christopher,5.55
2025-05-01T06:31:37.000000,Downtown,Espresso,2%,20,true,Danielle,4.75
2025-01-16T22:04:13.000000,East Village,Latte,Whole,20,false,Robert,6.24
2025-03-23T09:43:46.000000,SoHo,Espresso,Almond,20,true,Jeffrey,3.82
2025-05-08T15:34:51.000000,SoHo,Americano,Soy,20,false,Erica,3.53
2025-04-24T08:06:36.000000,East Village,Americano,Almond,16,true,Erica,3.18
2025-04-20T18:08:54.000000,Midtown West,Cappuccino,Coconut,20,true,Danielle,4.6
2025-04-12T12:20:38.000000,Downtown,Macchiato,Oat,12,true,Patricia,3.05
2025-03-03T10:23:25.000000,Midtown West,Latte,Almond,20,false,Robert,4.32
2025-02-20T15:15:22.000000,East Village,Flat White,2%,16,true,Danielle,2.53
2025-02-09T15:55:00.000000,Uptown,Latte,Soy,12,false,Jill,4.64
2025-05-11T01:08:57.000000,East Village,Macchiato,Almond,12,true,Angel,6.17
2025-05-20T01:41:44.000000,Uptown,Mocha,Soy,16,false,Robert,3.51
2025-03-03T00:12:10.000000,Downtown,Latte,Whole,20,true,Patricia,4.34
2025-02-16T08:21:25.000000,Midtown West,Espresso,Coconut,12,false,Angel,5.11
2025-02-21T13:51:12.000000,Midtown West,Americano,2%,20,true,Robert,4.4
2025-03-18T20:29:44.000000,Uptown,Latte,2%,20,true,Patricia,5.08
2025-01-26T09:56:13.000000,East Village,Cappuccino,Oat,16,false,Jeffrey,3.35
2025-05-11T10:18:11.000000,East Village,Latte,Oat,20,true,Jill,6.1
2025-05-06T08:15:06.000000,East Village,Mocha,Whole,12,false,Danielle,6.35
2025-02-28T06:05:15.000000,East Village,Latte,Whole,16,false,Joshua,4.76
2025-03-30T18:49:15.000000,Midtown West,Americano,Coconut,20,false,Joshua,5.66
2025-03-03T09:29:33.000000,Midtown West,Latte,Oat,16,false,Patricia,3.43
2025-05-26T23:56:32.000000,SoHo,Macchiato,Whole,16,true,Danielle,5.04
2025-01-15T02:04:31.000000,East Village,Espresso,Soy,20,false,Patricia,4.23
2025-01-02T19:24:47.000000,Midtown West,Latte,Soy,12,false,Jill,5.69
2025-03-30T23:45:55.000000,Uptown,Mocha,2%,16,true,Joshua,5.46
2025-05-01T14:48:42.000000,Uptown,Latte,Oat,12,true,Jill,4.28
2025-04-20T07:44:25.000000,East Village,Latte,Almond,20,false,Patricia,4.3
2025-01-20T09:56:47.000000,Midtown West,Latte,Oat,20,false,Angel,3.92
2025-01-15T05:25:10.000000,SoHo,Macchiato,2%,12,true,Danielle,3.67
2025-04-15T09:33:28.000000,Downtown,Cappuccino,Soy,12,false,Joshua,5.24
2025-02-11T09:22:15.000000,Downtown,Espresso,Whole,16,false,Christopher,3.08
2025-04-09T05:35:36.000000,Uptown,Americano,Whole,16,true,Christopher,5.63
2025-02-21T11:55:24.000000,Downtown,Flat White,Coconut,16,true,Christopher,4.88
2025-01-26T17:17:32.000000,Uptown,Mocha,Whole,20,false,Danielle,6.3
2025-03-09T18:29:56.000000,East Village,Macchiato,Whole,12,false,Christopher,3.84
2025-01-14T08:35:26.000000,Downtown,Espresso,Soy,16,false,Jeffrey,4.42
2025-02-17T10:26:52.000000,Downtown,Espresso,Coconut,16,false,Christopher,6.37
2025-03-13T18:07:15.000000,East Village,Espresso,2%,12,true,Erica,2.96
2025-02-25T08:08:15.000000,SoHo,Flat White,Soy,20,true,Danielle,6.31
2025-01-31T15:09:12.000000,SoHo,Americano,Whole,20,false,Angel,5.78
2025-03-27T02:05:17.000000,Downtown,Mocha,Coconut,20,false,Jill,3.47
2025-04-16T11:34:45.000000,East Village,Macchiato,2%,16,false,Angel,4.3
2025-05-17T14:44:01.000000,Uptown,Cappuccino,Soy,20,true,Patricia,4.67
2025-02-28T17:49:55.000000,East Village,Latte,Almond,12,false,Erica,3.17
2025-04-29T18:37:29.000000,Midtown West,Macchiato,Whole,16,true,Patricia,2.92
2025-06-06T17:21:30.000000,East Village,Cappuccino,Coconut,12,false,Robert,4.73
2025-05-07T23:45:01.000000,East Village,Espresso,2%,20,true,Christopher,5.59
2025-04-13T17:02:32.000000,SoHo,Espresso,Oat,12,true,Christopher,2.92
2025-01-02T12:27:29.000000,Uptown,Macchiato,Coconut,16,true,Joshua,3.89
2025-05-10T16:28:05.000000,SoHo,,2%,20,false,Erica,4.4
2025-04-18T16:38:02.000000,Midtown West,Espresso,Oat,12,false,Jill,2.68
2025-02-28T03:12:21.000000,Downtown,Flat White,Oat,20,true,Joshua,6.22
2025-05-09T19:36:55.000000,SoHo,Cappuccino,Almond,12,false,Erica,4.74
2025-01-21T02:44:53.000000,SoHo,Flat White,Almond,16,true,Joshua,5.06
2025-01-27T01:50:31.000000,SoHo,Frappe,Soy,16,true,Jeffrey,4.3
2025-02-21T08:30:01.000000,Midtown West,Flat White,Almond,20,true,Jeffrey,3.61
2025-01-23T09:56:11.000000,Downtown,Macchiato,Soy,16,true,Joshua,3.96
2025-01-21T18:49:25.000000,Uptown,Espresso,Coconut,20,false,Christopher,4.61
2025-05-25T03:54:45.000000,Uptown,Cappuccino,2%,16,true,Anthony,2.96
2025-04-18T10:12:32.000000,East Village,Macchiato,Coconut,12,true,Jill,6.17
2025-01-31T04:26:23.000000,Downtown,Espresso,Oat,16,true,Jeffrey,3.72
2025-02-22T21:14:04.000000,East Village,Cappuccino,2%,16,false,Patricia,4.89
2025-02-24T17:04:45.000000,Downtown,Mocha,2%,20,true,Robert,5.27
2025-04-28T10:42:40.000000,SoHo,Americano,Whole,20,true,Joshua,3.25
2025-02-10T21:36:19.000000,Downtown,Macchiato,Whole,16,false,Danielle,4.44
2025-05-20T08:18:54.000000,SoHo,Americano,Coconut,16,true,Christopher,4.16
2025-03-08T13:56:16.000000,Downtown,Latte,Soy,16,true,Danielle,5.68
2025-02-09T12:49:56.000000,SoHo,Espresso,Almond,20,false,Robert,3.65
2025-05-14T11:58:07.000000,Uptown,Cappuccino,Soy,20,false,Angel,4.79
2025-05-04T03:45:47.000000,SoHo,Cappuccino,Oat,12,true,Christopher,4.69
2025-02-21T06:15:14.000000,Midtown West,Espresso,Oat,16,true,Christopher,3.55
2025-04-09T03:22:36.000000,East Village,Macchiato,Almond,20,false,Jeffrey,5.74
2025-04-05T20:43:24.000000,Downtown,Macchiato,Coconut,20,true,Anthony,5.03
2025-02-18T18:18:35.000000,East Village,Macchiato,Almond,16,false,Jeffrey,5.72
2025-01-10T20:44:24.000000,Uptown,Cappuccino,Soy,16,false,Joshua,3.79
2025-01-18T22:08:31.000000,SoHo,Macchiato,Soy,12,false,Angel,3.04
2025-05-04T03:58:47.000000,Downtown,Macchiato,Coconut,12,true,Joshua,5.31
2025-03-24T06:00:22.000000,SoHo,Flat White,Whole,16,true,Jeffrey,5.55
2025-02-23T17:25:23.000000,SoHo,Cappuccino,Coconut,16,true,Jill,5.01
2025-01-09T13:27:33.000000,Uptown,Flat White,Oat,20,false,Patricia,4.56
2025-01-01T16:31:26.000000,Midtown West,Americano,2%,20,false,Erica,4.83
2025-03-06T18:29:10.000000,East Village,Flat White,Coconut,16,true,Erica,5.9
2025-05-30T17:40:33.000000,Uptown,Americano,Almond,16,true,Christopher,3.57
2025-01-26T09:39:49.000000,Midtown West,Cappuccino,2%,12,true,Erica,6.08
2025-05-04T17:09:48.000000,Downtown,Flat White,2%,16,false,Danielle,3.0
2025-02-20T20:48:00.000000,Downtown,Latte,2%,20,false,Jeffrey,6.48
2025-02-01T09:01:35.000000,Uptown,Mocha,Whole,12,false,Angel,5.12
2025-05-24T22:23:11.000000,Uptown,Flat White,Coconut,20,true,Joshua,2.71
2025-03-27T19:06:09.000000,Midtown West,Americano,Coconut,12,false,Angel,5.31
2025-04-18T03:01:01.000000,SoHo,Latte,Almond,12,true,Anthony,3.4
2025-05-18T00:38:55.000000,SoHo,Flat White,Whole,20,true,Angel,6.45
2025-03-25T01:09:55.000000,Midtown West,Americano,Oat,12,false,Jeffrey,4.03
2025-04-19T22:00:55.000000,Downtown,Espresso,Whole,20,true,Joshua,4.03
2025-01-02T21:03:50.000000,Downtown,Latte,Soy,16,false,Anthony,2.53
2025-01-22T17:22:12.000000,East Village,Flat White,Almond,20,false,Joshua,6.18
2025-01-15T14:39:42.000000,Downtown,Macchiato,Almond,12,false,Angel,6.09
2025-05-15T04:23:05.000000,Downtown,Espresso,2%,16,true,Erica,5.66
2025-01-29T22:38:35.000000,East Village,Mocha,Soy,16,true,Anthony,4.9
2025-04-16T22:38:06.000000,East Village,Macchiato,Coconut,20,true,Jill,3.32
2025-01-07T23:54:11.000000,Downtown,Flat White,2%,16,false,Jill,5.08
2025-03-13T16:40:16.000000,Midtown West,Latte,Almond,20,true,Christopher,5.05
2025-04-24T02:41:28.000000,East Village,Espresso,Whole,16,false,Joshua,4.05
2025-04-18T06:57:12.000000,Midtown West,Cappuccino,Coconut,12,true,Joshua,5.55
2025-01-29T18:10:01.000000,Midtown West,Latte,Whole,16,false,Jeffrey,2.66
2025-03-25T10:57:04.000000,SoHo,Flat White,Coconut,20,false,Robert,5.57
2025-01-25T17:56:21.000000,Downtown,Latte,Coconut,16,true,Robert,4.65
2025-01-09T02:56:11.000000,Downtown,Espresso,Oat,20,false,Robert,6.18
2025-03-01T20:35:16.000000,SoHo,Americano,Soy,20,true,Angel,3.74
2025-03-12T19:23:57.000000,Midtown West,Latte,Almond,16,true,Angel,6.2
2025-06-04T14:11:55.000000,Downtown,Espresso,Coconut,20,true,Joshua,2.98
2025-01-08T17:55:24.000000,Uptown,Mocha,2%,12,false,Erica,4.59
2025-03-11T11:30:42.000000,Midtown West,Mocha,Coconut,12,false,Jill,5.43
2025-02-10T19:01:39.000000,Uptown,Macchiato,2%,20,true,Jill,4.6
2025-05-13T10:39:40.000000,SoHo,Americano,2%,20,true,Robert,3.94
2025-02-18T10:53:34.000000,East Village,Espresso,Almond,20,true,Jill,5.59
2025-05-10T12:08:05.000000,Midtown West,Mocha,Coconut,12,true,Robert,2.51
2025-01-20T23:03:10.000000,Downtown,Americano,Whole,12,false,Patricia,6.18
2025-03-10T16:15:42.000000,Uptown,Mocha,Whole,16,true,Jeffrey,4.17
2025-06-01T11:36:18.000000,Midtown West,Cappuccino,Whole,12,true,Angel,4.51
2025-04-19T17:14:46.000000,Midtown West,Macchiato,Soy,16,false,Danielle,6.32
2025-03-20T21:51:21.000000,SoHo,Macchiato,Whole,12,false,Erica,2.85
2025-05-01T12:29:32.000000,East Village,Mocha,Whole,12,false,Anthony,5.64
2025-05-26T12:49:07.000000,Downtown,Espresso,Soy,20,true,Christopher,6.49
2025-01-31T00:16:14.000000,East Village,Mocha,Oat,16,true,Patricia,2.6
2025-02-15T23:16:33.000000,Uptown,Espresso,Oat,12,true,Patricia,5.9
2025-02-01T13:18:47.000000,Midtown West,Cappuccino,Almond,12,false,Patricia,4.47
2025-06-05T07:44:37.000000,East Village,Latte,Oat,16,false,Jeffrey,6.09
2025-06-07T10:28:12.000000,East Village,Americano,Coconut,12,false,Angel,4.82
2025-02-04T09:07:25.000000,Downtown,Latte,Soy,12,false,Anthony,2.75
2025-03-22T01:25:52.000000,Uptown,Espresso,Whole,16,false,Patricia,5.3
2025-01-05T19:30:46.000000,Downtown,Espresso,Almond,20,true,Angel,6.27
2025-02-04T19:52:52.000000,Uptown,Mocha,Oat,16,true,Joshua,4.3
2025-05-24T00:38:21.000000,SoHo,Cappuccino,Whole,16,true,Jeffrey,4.31
2025-03-06T12:05:47.000000,East Village,Latte,Almond,12,true,Jill,5.81
2025-06-01T22:11:07.000000,Downtown,Macchiato,Whole,16,false,Joshua,2.86
2025-03-21T22:43:20.000000,Downtown,Cappuccino,Oat,12,false,Jill,3.54
2025-06-05T18:41:12.000000,Downtown,Macchiato,2%,12,false,Robert,5.49
2025-05-11T01:59:36.000000,Downtown,Latte,Almond,12,true,Angel,2.55
2025-05-23T17:36:59.000000,Midtown West,Macchiato,2%,20,false,Erica,5.25
2025-06-07T10:21:56.000000,Downtown,Macchiato,Oat,20,false,Danielle,6.49
2025-02-18T04:32:35.000000,Uptown,Macchiato,Almond,12,true,Angel,6.12
2025-02-21T19:24:17.000000,SoHo,Americano,Oat,20,false,Joshua,6.2
2025-01-31T21:54:56.000000,Downtown,Americano,Oat,16,true,Patricia,5.23
2025-06-02T21:25:52.000000,Downtown,Mocha,Whole,12,true,Jill,4.28
2025-05-17T04:11:35.000000,East Village,Flat White,Whole,16,true,Christopher,4.15
2025-01-21T23:45:43.000000,Downtown,Latte,Whole,20,true,Patricia,3.05
2025-03-16T06:46:25.000000,Uptown,Flat White,Soy,16,false,Danielle,6.46
2025-01-08T12:28:11.000000,Uptown,Espresso,Soy,12,true,Robert,3.79
2025-04-02T09:34:28.000000,Uptown,Espresso,Soy,12,false,Jeffrey,2.62
2025-02-13T04:36:58.000000,Downtown,Cappuccino,Whole,12,true,Anthony,6.5
2025-02-08T18:04:36.000000,Midtown West,Flat White,Almond,12,false,Jill,4.63
2025-06-08T13:34:09.000000,Uptown,Espresso,Almond,20,false,Joshua,3.45
2025-03-31T09:10:06.000000,East Village,Cappuccino,Oat,12,true,Erica,6.29
2025-03-09T21:31:34.000000,SoHo,Macchiato,2%,12,true,Robert,3.74
2025-03-01T06:17:33.000000,East Village,Latte,Almond,16,true,Anthony,3.38
2025-06-04T10:34:43.000000,Uptown,Espresso,Soy,20,true,Jeffrey,5.73
2025-02-14T04:40:18.000000,East Village,Macchiato,Whole,20,true,Danielle,2.59
2025-02-13T06:53:56.000000,Midtown West,Macchiato,Oat,16,false,Robert,5.94
2025-01-05T14:17:03.000000,Downtown,Cappuccino,Oat,12,false,Erica,3.71
2025-05-09T03:58:39.000000,Downtown,Macchiato,Coconut,20,false,Christopher,5.1
2025-02-07T12:03:00.000000,SoHo,Mocha,Coconut,16,false,Anthony,5.76
2025-03-19T08:59:09.000000,East Village,Mocha,Almond,16,true,Danielle,6.3
2025-03-05T17:48:41.000000,East Village,Mocha,Soy,12,true,Erica,6.18
2025-02-24T02:23:03.000000,Downtown,Americano,Almond,16,false,Erica,5.48
2025-01-14T11:31:26.000000,Uptown,Mocha,Coconut,16,true,Angel,5.79
2025-05-31T03:57:48.000000,Uptown,Espresso,Almond,16,true,Jeffrey,5.27
2025-02-24T04:49:00.000000,SoHo,Flat White,Oat,12,false,Danielle,4.04
2025-03-10T04:27:34.000000,Midtown West,Americano,2%,16,true,Erica,4.68
2025-05-05T13:31:17.000000,Midtown West,Mocha,2%,16,true,Angel,5.7
2025-04-09T22:00:09.000000,Downtown,,Whole,16,true,Angel,2.8
2025-03-19T14:38:10.000000,Midtown West,Flat White,Oat,16,false,Robert,6.27
2025-05-12T22:47:02.000000,Downtown,Flat White,Oat,20,false,Patricia,6.27
2025-04-15T02:56:47.000000,Downtown,Mocha,Oat,16,false,Angel,3.82
2025-03-06T07:16:12.000000,Midtown West,Flat White,Whole,16,false,Jill,3.45
2025-01-06T08:37:40.000000,Midtown West,Mocha,Oat,16,false,Erica,2.52
2025-01-23T09:31:53.000000,Uptown,Mocha,Oat,12,false,Danielle,3.33
2025-02-20T17:21:03.000000,SoHo,Macchiato,Oat,16,false,Jill,5.64
2025-02-04T16:11:10.000000,Uptown,Latte,Coconut,16,false,Robert,4.05
2025-04-23T17:44:39.000000,SoHo,Mocha,2%,16,true,Danielle,3.55
2025-02-21T13:09:46.000000,Midtown West,Macchiato,Whole,12,false,Anthony,2.75
2025-01-08T10:17:29.000000,East Village,Macchiato,Soy,12,true,Patricia,6.38
2025-01-22T01:11:32.000000,East Village,Macchiato,2%,20,false,Robert,4.17
2025-04-26T20:13:24.000000,SoHo,Cappuccino,Almond,20,true,Christopher,3.7
2025-03-26T09:12:50.000000,East Village,Cappuccino,Soy,12,true,Robert,5.7
2025-03-09T03:01:07.000000,Downtown,Macchiato,2%,12,true,Joshua,6.3
2025-05-22T11:15:57.000000,SoHo,Mocha,Oat,12,true,Patricia,2.81
2025-06-02T17:01:15.000000,Midtown West,Macchiato,Soy,12,false,Jill,3.78
2025-03-02T21:50:32.000000,Uptown,Cappuccino,2%,20,false,Robert,3.8
2025-03-26T17:44:34.000000,SoHo,Macchiato,Oat,12,false,Anthony,4.85
2025-04-28T17:08:16.000000,Midtown West,Mocha,Almond,12,true,Anthony,4.85
2025-04-10T07:24:15.000000,SoHo,Macchiato,Whole,16,false,Robert,6.02
2025-01-23T10:56:54.000000,Midtown West,Flat White,2%,12,false,Anthony,4.94
2025-03-16T19:08:26.000000,SoHo,Americano,Almond,12,false,Anthony,4.93
2025-04-22T23:05:42.000000,SoHo,Espresso,Coconut,16,false,Jeffrey,2.7
2025-02-06T21:49:52.000000,SoHo,Latte,Whole,20,true,Jill,3.74
2025-02-19T11:05:34.000000,SoHo,Macchiato,Almond,16,false,Joshua,3.7
2025-01-09T14:51:22.000000,Downtown,Flat White,2%,16,true,Anthony,5.08
2025-05-18T15:10:43.000000,Uptown,Macchiato,2%,12,true,Christopher,5.54
2025-03-26T16:10:31.000000,East Village,Latte,Whole,20,true,Robert,4.11
2025-01-01T07:52:54.000000,Downtown,Mocha,Almond,12,false,Jeffrey,5.85
2025-04-11T23:00:15.000000,SoHo,Latte,Whole,20,false,Jeffrey,3.6
2025-06-06T14:36:47.000000,SoHo,Flat White,Oat,20,false,Danielle,3.47
2025-04-15T13:22:05.000000,Uptown,Red eye,2%,12,false,Anthony,4.71
2025-05-14T08:59:10.000000,SoHo,Flat White,Coconut,12,true,Angel,3.64
2025-05-20T16:47:12.000000,Downtown,Macchiato,Soy,20,true,Jeffrey,5.93
2025-05-25T01:44:16.000000,Midtown West,Espresso,Coconut,16,true,Patricia,4.55
2025-05-24T02:50:40.000000,Downtown,Flat White,Almond,16,false,Anthony,5.7
2025-05-11T05:21:19.000000,SoHo,Flat White,Coconut,16,false,Jill,4.2
2025-02-08T06:15:00.000000,East Village,Espresso,Almond,20,false,Christopher,3.71
2025-03-12T17:23:42.000000,Uptown,Cappuccino,Oat,20,false,Danielle,4.55
2025-03-25T17:59:29.000000,Uptown,Espresso,Coconut,16,false,Angel,4.43
2025-01-14T14:06:05.000000,Uptown,Macchiato,Whole,12,true,Jill,5.12
2025-05-09T23:34:19.000000,East Village,Cappuccino,Almond,16,false,Danielle,5.72
2025-03-06T02:50:37.000000,Uptown,Flat White,Almond,16,false,Danielle,5.12
2025-05-02T00:06:52.000000,East Village,Americano,2%,12,false,Danielle,4.83
2025-03-02T22:57:10.000000,SoHo,Flat White,Coconut,20,false,Jeffrey,5.25
2025-05-09T19:36:34.000000,East Village,Cappuccino,Whole,12,false,Joshua,5.86
2025-01-25T04:47:45.000000,East Village,Latte,2%,12,false,Joshua,5.46
2025-05-20T18:17:52.000000,Uptown,Flat White,Oat,16,false,Jeffrey,3.92
2025-02-28T07:36:11.000000,Midtown West,Espresso,Whole,16,true,Anthony,3.68
2025-04-09T11:21:43.000000,East Village,Macchiato,Coconut,12,false,Anthony,4.82
2025-03-02T01:22:15.000000,SoHo,Mocha,Soy,20,false,Angel,5.97
2025-05-10T11:56:46.000000,Downtown,Americano,Oat,16,false,Joshua,3.05
2025-03-21T07:14:56.000000,Downtown,Cappuccino,2%,12,false,Joshua,3.77
2025-03-05T08:07:21.000000,Midtown West,Espresso,Coconut,12,false,Joshua,3.75
2025-03-20T03:19:18.000000,Downtown,Espresso,Almond,16,true,Joshua,4.81
2025-05-16T09:13:36.000000,SoHo,Mocha,Soy,16,false,Patricia,5.03
2025-02-27T09:51:11.000000,Uptown,Americano,Oat,12,false,Danielle,4.64
2025-04-18T15:44:57.000000,Midtown West,Macchiato,Soy,20,true,Jeffrey,2.57
2025-01-25T17:12:14.000000,Midtown West,Mocha,Coconut,16,false,Erica,3.75
2025-02-07T06:02:22.000000,Uptown,Mocha,Oat,16,false,Danielle,3.69
2025-03-23T15:25:18.000000,SoHo,Americano,Coconut,16,true,Joshua,3.87
2025-05-10T02:47:44.000000,Downtown,Mocha,2%,12,true,Danielle,3.41
2025-03-15T14:56:42.000000,Midtown West,Cappuccino,Soy,16,false,Joshua,2.99
2025-05-12T12:31:49.000000,Midtown West,Macchiato,Soy,20,true,Anthony,2.69
2025-05-26T06:33:35.000000,SoHo,Flat White,Oat,16,false,Danielle,5.26
2025-02-03T19:01:34.000000,Downtown,Latte,Soy,12,true,Jill,4.4
2025-04-30T12:30:26.000000,Uptown,Espresso,2%,20,true,Angel,5.15
2025-04-21T12:13:21.000000,Midtown West,Americano,Oat,16,true,Robert,5.38
2025-02-28T10:31:41.000000,Downtown,Macchiato,Oat,16,true,Christopher,3.29
2025-03-20T20:26:50.000000,Midtown West,Espresso,Coconut,20,false,Patricia,3.68
2025-04-17T09:34:20.000000,Midtown West,Mocha,Coconut,12,true,Christopher,3.82
2025-01-01T01:53:30.000000,Midtown West,Latte,Soy,20,true,Christopher,3.1
2025-03-01T00:09:35.000000,Downtown,Flat White,Coconut,16,false,Angel,6.12
2025-02-25T17:06:53.000000,Downtown,Espresso,2%,12,false,Danielle,2.9
2025-02-10T19:31:20.000000,Midtown West,Espresso,Coconut,12,true,Erica,4.2
2025-03-25T11:25:26.000000,SoHo,Latte,Almond,20,false,Joshua,3.81
2025-06-02T13:54:05.000000,Downtown,Flat White,Oat,12,false,Erica,5.76
2025-04-23T14:55:29.000000,SoHo,Americano,2%,16,true,Jill,5.84
2025-04-28T19:14:52.000000,Downtown,Latte,Almond,12,false,Danielle,6.43
2025-05-08T03:08:57.000000,Downtown,Cappuccino,2%,20,false,Anthony,5.21
2025-03-04T13:47:24.000000,Downtown,Macchiato,Whole,16,false,Anthony,2.62
2025-04-01T07:00:07.000000,Uptown,Latte,2%,20,false,Christopher,2.68
2025-03-27T18:52:19.000000,East Village,Latte,Coconut,20,true,Robert,5.57
2025-03-27T20:36:50.000000,East Village,Flat White,Whole,12,false,Robert,4.59
2025-05-12T04:39:04.000000,SoHo,Flat White,Coconut,12,true,Jeffrey,4.43
2025-02-11T11:55:14.000000,SoHo,Latte,Coconut,16,true,Joshua,4.52
2025-04-10T06:14:36.000000,Uptown,Latte,2%,12,true,Erica,3.46
2025-04-02T21:12:26.000000,Downtown,Cappuccino,Coconut,12,false,Patricia,4.11
2025-06-04T03:04:30.000000,SoHo,Americano,Soy,16,false,Christopher,2.85
2025-06-04T13:44:39.000000,SoHo,Latte,2%,12,true,Danielle,2.91
2025-05-23T21:49:44.000000,Uptown,Macchiato,Oat,20,true,Anthony,6.35
2025-02-02T22:49:09.000000,Uptown,Flat White,Coconut,12,true,Christopher,6.3
2025-05-08T22:28:01.000000,East Village,Macchiato,2%,20,false,Erica,4.74
2025-01-17T11:10:33.000000,Midtown West,Flat White,Coconut,12,true,Erica,5.36
2025-02-25T02:32:25.000000,Uptown,Latte,Whole,20,false,Erica,5.82
2025-04-11T02:10:49.000000,SoHo,Flat White,Oat,12,false,Danielle,6.09
2025-05-09T21:46:59.000000,Midtown West,Latte,Whole,16,true,Anthony,3.28
2025-05-03T21:43:05.000000,SoHo,Americano,Almond,12,true,Erica,2.93
2025-05-01T05:57:52.000000,East Village,Macchiato,2%,12,false,Christopher,5.13
2025-03-07T02:05:25.000000,SoHo,Latte,Soy,20,false,Danielle,4.71
2025-01-19T03:12:57.000000,Downtown,Cappuccino,Almond,12,false,Anthony,3.19
2025-05-26T20:33:26.000000,East Village,Flat White,Soy,16,false,Anthony,6.03
2025-02-15T14:34:01.000000,Uptown,Cappuccino,Coconut,16,false,Jeffrey,3.59
2025-05-11T15:27:18.000000,East Village,Macchiato,Almond,16,false,Joshua,4.15
2025-03-02T06:39:34.000000,Downtown,Flat White,Coconut,12,false,Robert,5.03
2025-02-13T14:54:04.000000,Downtown,Flat White,Whole,20,false,Joshua,6.43
2025-06-06T14:51:19.000000,East Village,Flat White,Oat,20,false,Erica,4.75
2025-02-08T16:00:45.000000,SoHo,Flat White,Coconut,12,true,Robert,3.64
2025-01-29T14:43:09.000000,Midtown West,Latte,2%,12,false,Joshua,2.71
2025-01-05T17:49:50.000000,Downtown,Macchiato,Almond,12,false,Jill,5.23
2025-01-09T23:22:17.000000,SoHo,Mocha,Soy,12,true,Danielle,3.93
2025-02-17T13:02:56.000000,East Village,Flat White,Coconut,20,false,Robert,4.06
2025-04-03T06:17:45.000000,SoHo,Flat White,Coconut,16,false,Danielle,6.21
2025-04-29T16:44:35.000000,Downtown,Cappuccino,Oat,20,false,Danielle,5.47
2025-05-30T05:25:11.000000,East Village,Macchiato,Almond,20,true,Erica,5.52
2025-01-15T03:24:14.000000,Downtown,Macchiato,Coconut,20,true,Jeffrey,3.68
2025-03-30T10:23:35.000000,Midtown West,Mocha,Almond,16,false,Robert,2.98
2025-03-22T11:26:06.000000,Uptown,Cappuccino,Whole,12,false,Joshua,3.14
2025-05-03T06:55:09.000000,Uptown,Americano,Coconut,20,true,Joshua,2.66
2025-04-22T18:49:15.000000,Uptown,Macchiato,Coconut,16,false,Anthony,5.87
2025-02-07T18:08:01.000000,Downtown,Latte,Coconut,20,true,Erica,4.6
2025-05-20T11:44:04.000000,East Village,Macchiato,Soy,16,true,Joshua,4.16
2025-05-16T05:14:45.000000,Uptown,Espresso,Almond,16,false,Jeffrey,5.15
2025-03-16T13:28:09.000000,East Village,Mocha,Soy,20,true,Robert,4.4
2025-04-06T23:57:52.000000,East Village,Latte,Coconut,20,true,Erica,4.28
2025-03-19T14:31:02.000000,Midtown West,Latte,Coconut,16,false,Erica,4.03
2025-02-17T09:02:59.000000,East Village,Cappuccino,Coconut,16,false,Jill,2.6
2025-01-29T15:43:56.000000,Downtown,,Oat,16,true,Jill,6.09
2025-05-08T09:27:06.000000,Midtown West,Latte,Almond,12,true,Robert,4.63
2025-05-14T12:33:09.000000,Downtown,Macchiato,Coconut,20,false,Patricia,5.84
2025-01-02T01:50:26.000000,Uptown,Flat White,Oat,12,true,Joshua,2.6
2025-05-26T19:44:53.000000,East Village,Latte,Oat,12,true,Joshua,5.68
2025-05-30T12:40:31.000000,SoHo,Espresso,2%,16,false,Patricia,4.3
2025-01-21T16:43:58.000000,East Village,Latte,2%,12,true,Angel,4.64
2025-06-01T03:42:07.000000,Midtown West,Flat White,Oat,16,false,Erica,6.21
2025-03-24T13:19:29.000000,SoHo,Cappuccino,Oat,16,false,Jill,5.56
2025-02-12T11:52:25.000000,East Village,Macchiato,Coconut,12,true,Danielle,4.4
2025-02-04T03:41:28.000000,Downtown,Flat White,2%,16,false,Robert,3.68
2025-06-06T03:25:24.000000,Midtown West,Latte,Soy,12,false,Robert,3.07
2025-05-16T03:11:02.000000,Uptown,Cappuccino,Soy,12,false,Angel,3.72
2025-04-11T13:51:29.000000,Downtown,Flat White,Soy,20,false,Joshua,3.14
2025-04-01T04:57:33.000000,East Village,Mocha,Oat,12,false,Joshua,5.18
2025-01-10T18:02:04.000000,Midtown West,Flat White,Soy,16,true,Angel,3.66
2025-04-19T05:41:57.000000,Uptown,Mocha,Coconut,16,true,Anthony,4.45
2025-02-18T09:20:53.000000,East Village,Flat White,Coconut,12,true,Jeffrey,2.9
2025-01-24T13:34:19.000000,Uptown,Espresso,2%,20,true,Christopher,3.81
2025-03-30T15:15:58.000000,SoHo,Cappuccino,Soy,12,true,Erica,5.73
2025-01-26T21:24:18.000000,SoHo,Espresso,Almond,16,false,Jeffrey,5.35
2025-06-05T14:52:19.000000,SoHo,Mocha,Coconut,16,false,Erica,6.01
2025-04-01T05:23:39.000000,Downtown,Macchiato,Whole,20,true,Christopher,4.71
2025-05-10T15:08:15.000000,Downtown,Macchiato,Whole,16,true,Joshua,6.07
2025-04-14T03:15:14.000000,Midtown West,Flat White,Oat,20,false,Danielle,5.9
2025-04-19T12:46:50.000000,East Village,Macchiato,Soy,16,false,Jeffrey,6.13
2025-04-26T15:00:32.000000,East Village,Flat White,Almond,20,false,Erica,4.07
2025-03-03T14:42:56.000000,SoHo,Mocha,2%,16,true,Robert,4.54
2025-05-27T15:43:12.000000,East Village,Flat White,Almond,12,false,Anthony,5.24
2025-03-27T22:32:29.000000,Downtown,Mocha,Almond,20,false,Anthony,6.29
2025-04-29T23:10:00.000000,Downtown,Espresso,Oat,12,false,Jeffrey,5.55
2025-06-08T06:12:20.000000,East Village,Espresso,Almond,16,false,Danielle,5.17
2025-05-20T16:03:34.000000,Uptown,Americano,2%,12,false,Danielle,2.66
2025-04-09T00:26:12.000000,East Village,Macchiato,Coconut,12,false,Jill,4.81
2025-03-24T20:45:21.000000,Midtown West,Flat White,2%,20,false,Erica,4.85
2025-04-17T09:16:06.000000,Uptown,Americano,Almond,16,false,Robert,4.12
2025-03-28T14:06:28.000000,SoHo,Cappuccino,Oat,12,true,Robert,6.03
2025-01-31T21:43:46.000000,Downtown,Latte,Soy,12,false,Jill,3.35
2025-05-25T09:41:07.000000,SoHo,Cappuccino,Coconut,16,true,Angel,5.14
2025-04-03T04:08:35.000000,East Village,Americano,Coconut,12,false,Christopher,4.42
2025-03-29T09:28:37.000000,East Village,Latte,Almond,12,true,Danielle,3.01
2025-02-20T07:55:12.000000,Downtown,Flat White,Soy,12,true,Danielle,6.06
2025-05-26T23:32:01.000000,East Village,Espresso,Almond,20,true,Robert,6.33
2025-02-18T00:13:14.000000,Downtown,Flat White,Coconut,16,false,Jill,6.29
2025-05-04T19:43:03.000000,SoHo,Macchiato,2%,20,true,Joshua,3.38
2025-02-23T20:21:52.000000,East Village,Macchiato,Soy,16,true,Joshua,4.99
2025-05-29T16:57:01.000000,East Village,Flat White,Coconut,20,true,Erica,6.19
2025-06-01T00:13:38.000000,Midtown West,Mocha,2%,12,false,Patricia,3.03
2025-04-12T05:25:59.000000,SoHo,Macchiato,Almond,20,true,Anthony,2.89
2025-04-05T02:23:08.000000,Midtown West,Macchiato,Soy,16,true,Robert,5.51
2025-05-02T16:51:33.000000,SoHo,Cappuccino,Soy,20,false,Danielle,6.09
2025-02-16T10:57:59.000000,SoHo,Espresso,Oat,16,false,Robert,4.22
2025-02-23T07:43:00.000000,Downtown,Cappuccino,Coconut,16,false,Anthony,2.89
2025-03-27T09:57:17.000000,East Village,Macchiato,Almond,16,false,Angel,3.63
2025-01-16T01:05:54.000000,Midtown West,Mocha,Oat,20,true,Danielle,4.81
2025-05-19T13:21:36.000000,Uptown,Americano,Coconut,16,false,Jeffrey,5.25
2025-02-25T11:35:22.000000,Uptown,Latte,Almond,16,false,Patricia,5.11
2025-02-15T12:49:09.000000,SoHo,Cappuccino,Whole,12,false,Anthony,3.6
2025-02-22T18:17:03.000000,East Village,Cappuccino,Soy,20,false,Christopher,3.21
2025-03-07T05:09:46.000000,SoHo,Espresso,Whole,20,true,Anthony,3.88
2025-03-04T01:57:16.000000,SoHo,Macchiato,Coconut,20,true,Angel,5.49
2025-04-15T21:17:30.000000,Uptown,Latte,Almond,20,true,Robert,4.1
2025-01-16T15:31:08.000000,Downtown,Mocha,2%,16,false,Danielle,5.72
2025-01-27T20:52:11.000000,Midtown West,Latte,Oat,20,true,Jill,3.39
2025-01-30T06:55:18.000000,East Village,Flat White,2%,16,true,Patricia,4.96
2025-02-14T21:45:23.000000,Downtown,Macchiato,Almond,20,false,Christopher,4.26
2025-03-16T09:04:25.000000,Downtown,Mocha,Oat,20,true,Anthony,4.54
2025-05-15T18:02:25.000000,Midtown West,Flat White,Oat,12,true,Erica,3.46
2025-01-30T16:07:26.000000,SoHo,Espresso,2%,20,true,Erica,5.18
2025-05-18T04:09:06.000000,East Village,Cappuccino,Oat,16,false,Angel,6.18
2025-02-11T13:05:33.000000,Downtown,Espresso,Whole,16,false,Jeffrey,4.93
2025-01-13T11:19:41.000000,East Village,Cappuccino,Oat,12,true,Jill,3.2
2025-03-22T13:25:28.000000,East Village,Cappuccino,Whole,16,false,Erica,6.29
2025-03-21T03:33:02.000000,Downtown,Flat White,2%,16,false,Patricia,4.75
2025-03-06T06:01:08.000000,SoHo,Flat White,2%,12,false,Anthony,5.95
2025-04-16T08:45:04.000000,Downtown,Latte,2%,16,false,Jeffrey,5.21
2025-04-01T11:21:52.000000,Uptown,Espresso,Soy,12,false,Robert,2.54
2025-03-22T17:38:54.000000,Downtown,Latte,2%,16,false,Erica,2.8
2025-01-13T02:10:45.000000,Downtown,Espresso,Almond,16,true,Anthony,3.58
2025-02-10T03:55:05.000000,Downtown,Mocha,Coconut,12,true,Jeffrey,5.99
2025-03-23T14:00:38.000000,Midtown West,Macchiato,Almond,12,true,Anthony,3.92
2025-03-17T15:05:36.000000,East Village,Flat White,Coconut,12,false,Christopher,4.96
2025-05-30T11:30:29.000000,East Village,Espresso,Soy,16,false,Erica,4.47
2025-04-24T10:00:26.000000,East Village,Mocha,Soy,12,true,Jill,4.09
2025-05-16T01:22:19.000000,Midtown West,Cappuccino,2%,20,false,Christopher,6.26
2025-01-04T19:01:31.000000,Midtown West,Americano,Coconut,20,false,Joshua,4.33
2025-05-29T15:55:45.000000,Downtown,Espresso,Coconut,16,true,Danielle,2.55
2025-04-22T18:54:41.000000,Downtown,Espresso,Whole,20,false,Anthony,5.95
2025-03-15T20:42:14.000000,Uptown,Mocha,Whole,16,true,Christopher,6.33
2025-04-03T14:53:12.000000,Uptown,Americano,2%,16,false,Jeffrey,4.18
2025-01-02T03:28:39.000000,East Village,Espresso,2%,20,true,Joshua,4.79
2025-03-10T07:18:53.000000,East Village,Macchiato,Oat,16,false,Jill,5.72
2025-02-27T23:38:08.000000,Midtown West,Mocha,Almond,12,false,Joshua,4.39
2025-05-27T07:26:54.000000,Uptown,Americano,Almond,16,false,Robert,4.64
2025-03-17T17:28:10.000000,Midtown West,Espresso,Soy,20,true,Anthony,2.69
2025-03-23T08:46:50.000000,Midtown West,Latte,Almond,16,false,Jill,4.41
2025-04-15T12:17:22.000000,Uptown,Espresso,Whole,16,true,Erica,4.74
2025-05-26T03:40:31.000000,East Village,Americano,Oat,12,true,Erica,5.97
2025-05-23T15:38:34.000000,East Village,Macchiato,Whole,16,false,Erica,3.8
2025-04-17T01:09:39.000000,Downtown,Latte,2%,12,false,Anthony,3.65
2025-06-05T07:39:21.000000,Midtown West,Americano,Coconut,12,true,Anthony,4.79
2025-04-28T03:21:38.000000,Uptown,Espresso,Almond,20,false,Erica,3.77
2025-02-12T19:47:05.000000,SoHo,Cappuccino,Coconut,16,false,Patricia,3.58
2025-04-05T19:18:51.000000,Downtown,Americano,Almond,20,true,Joshua,5.92
2025-02-12T14:34:44.000000,SoHo,Flat White,Whole,12,true,Angel,3.34
2025-02-22T23:58:14.000000,SoHo,,2%,20,true,Robert,2.72
2025-03-26T15:08:34.000000,SoHo,Latte,Whole,16,true,Anthony,3.12
2025-04-05T07:15:20.000000,Downtown,Mocha,Coconut,12,true,Jill,4.27
2025-01-06T15:15:55.000000,Uptown,Latte,Oat,16,false,Erica,5.94
2025-03-17T12:12:21.000000,Downtown,Macchiato,Soy,20,true,Jill,4.69
2025-03-07T06:28:37.000000,East Village,Cappuccino,Soy,16,false,Christopher,5.02
2025-05-10T21:10:37.000000,Midtown West,Espresso,2%,16,false,Robert,3.41
2025-05-12T21:01:50.000000,Midtown West,Espresso,2%,12,true,Jill,3.12
2025-06-04T23:36:46.000000,SoHo,Espresso,Whole,16,false,Christopher,4.64
2025-03-20T12:15:08.000000,Midtown West,Latte,2%,20,false,Jill,4.89
2025-05-21T14:55:47.000000,Downtown,Mocha,2%,12,false,Robert,4.25
2025-02-02T01:09:51.000000,SoHo,Macchiato,2%,20,true,Jeffrey,3.55
2025-04-01T18:11:45.000000,East Village,Cappuccino,Soy,16,false,Jill,3.64
2025-01-25T18:47:19.000000,Midtown West,Mocha,Oat,20,false,Joshua,3.05
2025-05-01T19:55:39.000000,SoHo,Cappuccino,2%,12,false,Jill,5.3
2025-04-14T17:11:47.000000,Midtown West,Latte,Almond,12,true,Danielle,6.38
2025-01-06T05:40:21.000000,Midtown West,Espresso,Whole,12,true,Joshua,5.36
2025-03-18T12:16:02.000000,SoHo,Mocha,Oat,16,false,Christopher,3.37
2025-04-25T22:25:12.000000,Downtown,Espresso,2%,12,false,Danielle,3.82
2025-04-20T14:15:26.000000,Downtown,Macchiato,2%,12,false,Angel,4.67
2025-05-09T17:48:10.000000,Downtown,Macchiato,2%,16,false,Danielle,2.99
2025-01-06T06:18:16.000000,Midtown West,Mocha,Coconut,20,true,Danielle,3.3
2025-01-17T07:13:24.000000,Downtown,Americano,2%,20,true,Jill,6.24
2025-05-05T19:25:49.000000,SoHo,Flat White,Soy,20,false,Robert,2.99
2025-03-25T05:28:49.000000,Downtown,Mocha,Whole,12,true,Danielle,5.95
2025-01-27T08:24:19.000000,Uptown,Flat White,2%,20,true,Erica,2.56
2025-03-31T15:40:14.000000,East Village,Americano,Almond,20,false,Danielle,6.38
2025-02-05T06:55:07.000000,Midtown West,Flat White,Soy,12,true,Joshua,3.99
2025-01-10T18:20:36.000000,Midtown West,Americano,Oat,12,false,Anthony,3.85
2025-02-20T12:24:58.000000,Downtown,Flat White,Almond,16,true,Robert,5.67
2025-03-15T14:45:07.000000,SoHo,Espresso,Soy,20,true,Erica,5.72
2025-03-05T13:34:26.000000,Downtown,Latte,Coconut,16,true,Patricia,3.93
2025-02-11T02:24:30.000000,East Village,Americano,Coconut,20,false,Christopher,4.74
2025-03-30T07:03:08.000000,Uptown,Mocha,Soy,20,false,Joshua,4.67
2025-03-05T11:12:42.000000,East Village,Espresso,Soy,12,false,Robert,3.14
2025-03-07T12:51:59.000000,Midtown West,Espresso,Whole,20,false,Robert,3.97
2025-05-28T19:35:15.000000,Uptown,Flat White,Almond,20,true,Danielle,4.98
2025-03-15T14:51:22.000000,East Village,Espresso,Coconut,16,true,Angel,5.13
2025-02-24T00:46:11.000000,Downtown,Cappuccino,Coconut,20,false,Christopher,5.56
2025-05-27T00:37:11.000000,East Village,Espresso,2%,20,true,Erica,2.94
2025-03-23T20:38:04.000000,Downtown,Latte,Almond,12,false,Joshua,5.99
2025-02-18T23:40:13.000000,SoHo,Mocha,Oat,20,false,Danielle,4.78
2025-01-16T21:42:38.000000,Uptown,Cappuccino,Soy,12,true,Anthony,3.52
2025-04-02T07:47:19.000000,Midtown West,Latte,Almond,16,true,Christopher,6.21
2025-01-04T18:19:57.000000,Midtown West,Espresso,Soy,20,false,Patricia,5.79
2025-05-26T10:42:21.000000,Midtown West,Cappuccino,Oat,12,true,Angel,5.84
2025-04-15T17:52:29.000000,Downtown,Latte,Coconut,12,true,Jeffrey,4.63
2025-01-11T02:44:11.000000,East Village,Cappuccino,Coconut,16,true,Joshua,4.73
2025-03-09T22:56:00.000000,SoHo,Macchiato,Coconut,20,false,Anthony,3.93
2025-02-13T12:57:03.000000,East Village,Latte,Almond,16,true,Joshua,4.7
2025-05-07T05:53:27.000000,Uptown,Cappuccino,Soy,20,false,Christopher,6.23
2025-01-14T07:47:05.000000,SoHo,Macchiato,Whole,20,false,Patricia,5.56
2025-06-01T16:48:35.000000,SoHo,Cappuccino,Almond,20,false,Anthony,4.68
2025-05-07T13:23:48.000000,Midtown West,Espresso,2%,20,true,Christopher,6.34
2025-01-08T19:36:59.000000,Uptown,Espresso,Soy,12,false,Danielle,4.57
2025-05-27T10:58:53.000000,Uptown,Mocha,Almond,20,true,Erica,2.59
2025-01-07T00:36:36.000000,Downtown,,Oat,16,false,Christopher,3.92
2025-02-18T00:25:25.000000,Uptown,Cappuccino,Almond,12,false,Jeffrey,3.52
2025-02-08T17:05:17.000000,SoHo,Cappuccino,Almond,12,false,Angel,5.39
2025-01-04T22:58:39.000000,Midtown West,Macchiato,Coconut,20,false,Anthony,5.78
2025-05-01T15:38:02.000000,Midtown West,Latte,Coconut,16,false,Anthony,4.03
2025-01-30T14:09:11.000000,Midtown West,Macchiato,2%,12,true,Patricia,6.22
2025-02-16T07:42:00.000000,East Village,Flat White,Coconut,12,false,Patricia,2.72
2025-01-25T12:13:56.000000,Downtown,Cappuccino,Soy,12,true,Joshua,3.81
2025-04-02T22:57:16.000000,East Village,Flat White,Coconut,20,true,Patricia,6.38
2025-05-10T23:54:15.000000,Downtown,Mocha,2%,12,false,Jill,5.65
2025-01-23T05:05:36.000000,East Village,Latte,2%,16,false,Anthony,5.48
2025-04-20T12:17:19.000000,Downtown,Latte,2%,12,false,Robert,4.24
2025-02-12T07:47:18.000000,East Village,Cappuccino,Almond,12,true,Christopher,4.08
2025-04-01T07:12:55.000000,Uptown,Mocha,Oat,20,true,Jill,5.61
2025-05-16T19:44:34.000000,Uptown,Latte,Coconut,12,false,Patricia,4.19
2025-02-19T18:10:55.000000,Downtown,Espresso,Soy,16,false,Danielle,5.58
2025-05-29T22:00:15.000000,Downtown,Cappuccino,Almond,12,false,Christopher,2.68
2025-03-13T15:10:34.000000,Midtown West,Mocha,Coconut,12,true,Angel,2.95
2025-02-02T13:57:14.000000,Midtown West,Macchiato,Whole,16,false,Danielle,3.87
2025-04-28T15:39:52.000000,East Village,Americano,Oat,12,true,Erica,3.34
2025-04-28T21:58:42.000000,East Village,Cappuccino,Soy,20,true,Jill,4.7
2025-05-26T05:35:10.000000,East Village,Flat White,Coconut,12,false,Danielle,4.01
2025-05-20T11:47:14.000000,East Village,Mocha,Oat,16,true,Jill,3.3
2025-01-23T05:45:42.000000,Uptown,Americano,Coconut,20,false,Danielle,2.77
2025-06-01T00:46:22.000000,SoHo,Macchiato,Oat,12,false,Danielle,3.67
2025-02-01T19:12:14.000000,SoHo,Cappuccino,Coconut,20,true,Angel,6.12
2025-03-02T09:32:47.000000,East Village,Mocha,Almond,20,true,Robert,6.37
2025-01-21T23:46:36.000000,SoHo,Latte,Almond,16,true,Robert,3.72
2025-04-23T08:51:58.000000,Uptown,Latte,Whole,12,false,Erica,3.92
2025-01-05T23:40:12.000000,Midtown West,Macchiato,Oat,20,false,Jill,6.01
2025-03-02T13:49:34.000000,Downtown,Mocha,Almond,12,false,Erica,6.09
2025-04-22T19:24:26.000000,Downtown,Cappuccino,Coconut,16,true,Anthony,5.99
2025-05-12T12:40:01.000000,East Village,Cappuccino,Almond,16,false,Patricia,6.38
2025-03-14T21:03:25.000000,East Village,Cappuccino,Almond,20,true,Jeffrey,5.11
2025-03-19T00:32:37.000000,East Village,Macchiato,Almond,12,false,Jill,5.25
2025-05-19T20:12:36.000000,Uptown,Macchiato,Almond,12,true,Anthony,6.17
2025-02-08T12:17:01.000000,Uptown,Mocha,Whole,16,false,Joshua,5.41
2025-01-15T18:10:09.000000,Downtown,Espresso,2%,12,true,Jill,3.11
2025-04-25T23:22:33.000000,East Village,Mocha,Oat,20,true,Anthony,4.97
2025-05-15T02:29:47.000000,Uptown,Cappuccino,Almond,12,false,Jeffrey,5.25
2025-05-02T19:09:41.000000,Uptown,Mocha,Soy,12,false,Anthony,4.38
2025-02-17T03:45:36.000000,Downtown,Americano,2%,12,false,Joshua,3.16
2025-01-20T18:53:40.000000,Downtown,Macchiato,Oat,20,true,Jill,6.3
2025-05-16T09:09:17.000000,SoHo,Macchiato,Almond,20,false,Angel,3.21
2025-05-31T00:01:18.000000,SoHo,Flat White,Whole,16,true,Christopher,6.05
2025-02-28T13:28:37.000000,SoHo,Cappuccino,Coconut,20,true,Patricia,5.38
2025-05-13T20:52:41.000000,Midtown West,Cappuccino,Oat,12,false,Christopher,4.33
2025-04-27T14:07:15.000000,Midtown West,Flat White,Oat,12,false,Robert,4.05
2025-06-06T10:01:56.000000,Uptown,Americano,2%,16,true,Jill,5.59
2025-01-24T12:09:26.000000,East Village,Americano,Whole,12,false,Anthony,6.18
2025-06-04T14:41:15.000000,East Village,Macchiato,Coconut,12,true,Christopher,2.86
2025-04-20T21:26:12.000000,SoHo,Macchiato,Soy,16,false,Robert,3.04
2025-06-01T23:20:42.000000,Downtown,Latte,Almond,16,true,Christopher,4.86
2025-01-08T23:23:45.000000,Midtown West,Espresso,Whole,12,true,Joshua,5.37
2025-03-09T10:05:12.000000,SoHo,Flat White,2%,20,true,Erica,2.84
2025-04-14T10:46:22.000000,Downtown,Americano,Soy,16,true,Patricia,2.68
2025-03-25T04:23:10.000000,Midtown West,Mocha,Almond,16,false,Joshua,5.58
2025-05-09T10:54:46.000000,Downtown,Espresso,Coconut,12,true,Christopher,3.66
2025-03-13T22:59:07.000000,Midtown West,Mocha,Oat,16,false,Anthony,5.56
2025-01-14T09:21:42.000000,East Village,Macchiato,2%,16,true,Robert,5.73
2025-04-09T05:56:53.000000,SoHo,Mocha,Soy,12,true,Christopher,4.31
2025-05-06T17:46:13.000000,East Village,Mocha,Soy,12,true,Jill,4.98
2025-03-08T06:15:09.000000,Midtown West,Mocha,Almond,12,true,Danielle,5.11
2025-01-03T10:57:47.000000,Midtown West,Flat White,Soy,12,true,Anthony,3.69
2025-03-23T13:36:56.000000,East Village,Americano,Almond,20,true,Joshua,5.19
2025-04-06T04:30:19.000000,Midtown West,Americano,Coconut,12,false,Anthony,3.94
2025-01-21T11:50:48.000000,SoHo,Espresso,Whole,20,true,Patricia,5.78
2025-03-26T04:21:55.000000,Uptown,Espresso,2%,16,false,Joshua,2.99
2025-03-12T07:55:06.000000,Midtown West,Cappuccino,Almond,20,true,Jeffrey,4.95
2025-05-04T10:02:28.000000,Uptown,Americano,Coconut,16,false,Anthony,6.24
2025-03-31T06:32:26.000000,Uptown,Espresso,Soy,12,false,Anthony,6.48
2025-05-18T08:17:49.000000,Downtown,Cappuccino,Coconut,20,true,Christopher,4.47
2025-01-30T16:59:25.000000,Midtown West,Flat White,Whole,16,true,Jeffrey,2.51
2025-03-26T13:31:01.000000,SoHo,Flat White,Almond,12,false,Anthony,6.5
2025-02-04T04:51:27.000000,Downtown,Espresso,Soy,20,false,Jeffrey,2.55
2025-05-23T11:44:02.000000,East Village,Espresso,Oat,16,true,Jill,3.7
2025-04-12T07:30:57.000000,East Village,Latte,Coconut,20,true,Erica,3.87
2025-05-07T07:21:04.000000,Uptown,Macchiato,Almond,20,false,Jeffrey,3.82
2025-02-22T10:40:30.000000,SoHo,Americano,Oat,20,false,Joshua,4.43
2025-04-30T14:21:34.000000,Uptown,Americano,2%,20,false,Danielle,5.84
2025-06-06T22:28:52.000000,Uptown,Cappuccino,Soy,16,true,Danielle,3.33
2025-04-15T12:04:03.000000,SoHo,Mocha,Whole,20,true,Danielle,3.86
2025-05-31T10:05:26.000000,Midtown West,Cappuccino,Soy,16,false,Patricia,3.25
2025-04-04T21:15:42.000000,SoHo,Flat White,Oat,12,false,Jill,4.16
2025-04-01T06:28:07.000000,Downtown,Americano,Whole,12,false,Jeffrey,4.6
2025-03-26T13:55:27.000000,SoHo,Macchiato,Oat,20,true,Jeffrey,6.15
2025-05-22T22:49:44.000000,Uptown,Macchiato,2%,16,false,Robert,3.12
2025-04-26T01:07:54.000000,Midtown West,Cortado,Whole,20,true,Joshua,5.58
2025-02-22T02:48:49.000000,East Village,Mocha,Coconut,12,true,Danielle,4.34
2025-03-04T14:02:53.000000,Uptown,Espresso,Oat,16,true,Anthony,5.99
2025-02-17T16:05:25.000000,Uptown,Latte,Soy,20,true,Jill,2.59
2025-01-17T19:52:42.000000,East Village,Espresso,Almond,16,false,Jeffrey,3.65
2025-02-24T03:53:59.000000,Uptown,Flat White,Oat,12,true,Jill,3.1
2025-03-29T12:53:22.000000,East Village,Cappuccino,Soy,16,false,Robert,2.91
2025-02-17T08:29:09.000000,Downtown,Espresso,Almond,12,false,Jill,4.8
2025-05-26T17:28:22.000000,Downtown,Cappuccino,Whole,12,false,Robert,4.27
2025-04-01T05:41:54.000000,Midtown West,Flat White,Oat,16,false,Angel,4.03
2025-04-21T15:41:30.000000,SoHo,Mocha,Coconut,20,false,Anthony,6.07
2025-04-29T12:21:06.000000,East Village,Espresso,Whole,12,false,Jeffrey,5.35
2025-05-10T17:59:02.000000,SoHo,Cappuccino,Almond,12,false,Angel,5.75
2025-03-15T14:13:05.000000,Downtown,Espresso,Coconut,12,false,Christopher,4.38
2025-03-07T07:43:18.000000,Uptown,Espresso,2%,16,false,Joshua,5.3
2025-01-06T13:45:06.000000,Uptown,Americano,Oat,16,false,Angel,4.4
2025-04-06T23:38:06.000000,East Village,Macchiato,Almond,20,true,Jill,5.57
2025-03-05T02:40:32.000000,Midtown West,Cappuccino,Oat,16,true,Patricia,5.77
2025-02-05T07:26:06.000000,East Village,Macchiato,Whole,16,true,Robert,4.34
2025-04-05T16:08:50.000000,SoHo,Cappuccino,Almond,16,true,Robert,3.14
2025-02-11T04:33:00.000000,SoHo,Espresso,Almond,20,false,Anthony,4.22
2025-03-10T21:36:15.000000,Midtown West,Cappuccino,Coconut,20,false,Jeffrey,3.19
2025-06-04T22:10:05.000000,East Village,Latte,Soy,12,false,Anthony,4.35
2025-02-20T04:00:34.000000,Midtown West,Mocha,Whole,20,false,Patricia,2.78
2025-03-08T02:05:38.000000,Downtown,Espresso,2%,20,true,Danielle,2.86
2025-02-24T07:18:10.000000,Uptown,Macchiato,Almond,16,false,Joshua,4.31
2025-04-26T18:17:01.000000,Uptown,Mocha,Almond,16,false,Erica,3.7
2025-05-17T03:45:11.000000,East Village,Latte,Soy,16,true,Danielle,4.95
2025-02-23T15:30:17.000000,East Village,Macchiato,Whole,12,true,Danielle,3.98
2025-04-18T22:10:26.000000,Uptown,Flat White,Soy,12,true,Erica,2.94
2025-01-02T23:18:27.000000,Uptown,Americano,Coconut,20,false,Anthony,4.08
2025-04-11T07:39:26.000000,Downtown,Americano,2%,16,true,Patricia,4.68
2025-02-07T02:23:14.000000,Uptown,Mocha,Soy,16,true,Patricia,5.87
2025-01-17T14:59:07.000000,Midtown West,Espresso,Coconut,20,true,Joshua,3.04
2025-02-16T20:48:02.000000,Downtown,Mocha,Coconut,12,true,Christopher,5.13
2025-05-20T19:47:28.000000,East Village,Flat White,2%,16,true,Christopher,6.07
2025-03-20T22:05:32.000000,SoHo,Americano,Soy,16,false,Patricia,4.71
2025-04-05T20:56:16.000000,East Village,Mocha,Almond,16,true,Patricia,4.92
2025-04-18T19:18:31.000000,East Village,Flat White,Soy,20,false,Jill,4.14
2025-05-28T05:18:12.000000,Uptown,Latte,Oat,12,false,Anthony,4.43
2025-02-16T15:59:26.000000,East Village,Flat White,Oat,16,false,Joshua,5.42
2025-05-15T02:28:22.000000,Midtown West,Cappuccino,Oat,12,false,Robert,6.06
2025-04-03T10:45:16.000000,East Village,Flat White,Coconut,20,false,Angel,5.24
2025-05-06T10:07:32.000000,Midtown West,Cappuccino,Oat,16,false,Erica,4.64
2025-05-19T05:25:33.000000,SoHo,Cappuccino,2%,16,false,Anthony,5.44
2025-04-06T07:23:35.000000,East Village,Espresso,Almond,20,false,Danielle,5.28
2025-03-29T00:38:41.000000,SoHo,Flat White,Soy,20,true,Jill,2.75
2025-06-03T23:20:06.000000,East Village,Cappuccino,Oat,12,false,Jill,5.74
2025-01-04T08:21:33.000000,Uptown,Americano,Oat,16,true,Joshua,4.52
2025-01-19T01:39:36.000000,Midtown West,Cappuccino,Whole,20,true,Jill,5.93
2025-02-27T03:14:13.000000,SoHo,Cappuccino,Almond,16,true,Anthony,5.46
2025-02-13T00:42:50.000000,East Village,Espresso,Coconut,12,false,Jeffrey,4.44
2025-03-20T12:38:45.000000,Downtown,Latte,Almond,16,false,Anthony,6.24
2025-05-15T07:57:42.000000,Downtown,Macchiato,2%,12,false,Jeffrey,5.14
2025-02-17T05:53:03.000000,Midtown West,Latte,Coconut,12,true,Jill,5.52
2025-03-01T11:01:24.000000,East Village,Americano,2%,12,false,Christopher,3.71
2025-05-09T22:16:40.000000,Downtown,Flat White,Coconut,20,false,Patricia,4.4
2025-04-23T22:14:43.000000,Uptown,Latte,Whole,20,true,Christopher,4.03
2025-03-13T15:45:35.000000,SoHo,Latte,Soy,20,false,Erica,6.32
2025-04-02T21:33:13.000000,Uptown,Espresso,Whole,20,false,Jill,5.71
2025-04-18T11:22:15.000000,East Village,Americano,Coconut,12,false,Jeffrey,5.44
2025-04-14T02:16:31.000000,Midtown West,Flat White,Coconut,20,true,Joshua,3.75
2025-03-08T18:01:32.000000,East Village,Macchiato,Oat,12,false,Danielle,4.14
2025-03-24T14:59:29.000000,Midtown West,Espresso,Almond,12,true,Jill,3.51
2025-05-25T20:18:39.000000,Midtown West,Latte,Soy,20,true,Jeffrey,6.3
2025-04-17T20:59:46.000000,East Village,Latte,Soy,12,true,Joshua,4.0
2025-03-06T05:35:57.000000,Midtown West,Flat White,Almond,20,false,Jill,3.68
2025-03-10T07:33:21.000000,Midtown West,Espresso,2%,16,true,Erica,3.53
2025-05-17T11:32:29.000000,Uptown,Americano,2%,16,true,Erica,6.48
2025-03-30T02:36:22.000000,Downtown,Americano,Oat,20,false,Christopher,6.42
2025-02-22T14:33:43.000000,East Village,Mocha,Coconut,16,true,Christopher,2.93
2025-03-01T12:58:00.000000,Uptown,Cappuccino,Coconut,12,true,Angel,6.15
2025-02-18T19:37:33.000000,SoHo,Latte,Oat,12,false,Anthony,5.41
2025-02-14T18:23:06.000000,SoHo,Mocha,Coconut,16,true,Danielle,6.23
2025-01-24T10:17:49.000000,East Village,Flat White,Whole,20,false,Patricia,4.8
2025-05-21T01:25:43.000000,Midtown West,Americano,2%,20,true,Patricia,5.88
2025-02-07T09:30:28.000000,East Village,Affogato,2%,16,false,Christopher,2.98
2025-03-03T06:33:36.000000,Midtown West,Flat White,Whole,16,false,Patricia,2.72
