transaction_id,region,product_category,product_id,purchase_date,sales_channel,quantity,unit_price,total_price
T0000,North,Electronics,Headphones,2025-02-05,Online,3,126.22,378.65999999999997
T0001,West,Electronics,TV,2025-05-10,Online,1,113.23,113.23
T0002,West,Clothing,Jeans,2025-01-02,Online,5,142.7,713.5
T0003,North,Toys,Puzzle,2025-04-04,Online,4,319.66,1278.64
T0004,East,Clothing,Shirt,2025-04-08,Online,3,55.59,166.77
T0005,South,Home,Couch,2025-02-13,Online,1,306.52,306.52
T0006,East,Electronics,Headphones,2025-04-07,Online,4,270.43,1081.72
T0007,East,Clothing,Jacket,2025-02-28,In-Store,1,27.68,27.68
T0008,West,Home,Couch,2025-03-25,Online,5,113.71,568.55
T0009,East,Toys,Puzzle,2025-05-26,In-Store,1,109.44,109.44
T0010,West,Toys,RC Car,2025-02-05,Online,4,75.72,302.88
T0011,West,Toys,Puzzle,2025-02-05,In-Store,2,498.68,997.36
T0012,North,Electronics,TV,2025-04-19,Online,2,397.08,794.16
T0013,West,Home,Couch,2025-01-30,In-Store,1,341.74,341.74
T0014,East,Toys,Doll,2025-03-09,Online,4,6.61,26.44
T0015,East,Clothing,Shirt,2025-05-19,Online,3,382.44,1147.32
T0016,North,Electronics,Laptop,2025-03-03,Online,3,123.53,370.59000000000003
T0017,West,Electronics,Headphones,2025-05-02,Online,2,68.55,137.1
T0018,West,Clothing,Jacket,2025-04-13,In-Store,2,357.91,715.82
T0019,West,Electronics,TV,2025-01-06,Online,2,36.69,73.38
T0020,North,Electronics,TV,2025-03-26,Online,1,453.18,453.18
T0021,West,Clothing,Jacket,2025-05-27,In-Store,2,363.06,726.12
T0022,West,Clothing,Shirt,2025-04-01,In-Store,1,331.2,331.2
T0023,North,Electronics,TV,2025-01-28,Online,4,365.47,1461.88
T0024,West,Clothing,Jeans,2025-03-05,Online,2,142.88,285.76
T0025,North,Electronics,Headphones,2025-01-24,Online,6,418.83,2094.15
T0026,West,Toys,Doll,2025-02-12,In-Store,4,451.71,1806.84
T0027,East,Toys,Puzzle,2025-05-23,In-Store,4,349.81,1399.24
T0028,East,Clothing,Shirt,2025-01-16,In-Store,5,369.19,1845.95
T0029,West,Clothing,Shirt,2025-02-17,Online,5,44.66,223.29999999999998
T0030,South,Toys,Doll,2025-06-02,Online,5,126.88,634.4
T0031,East,Home,Vacuum,2025-04-12,Online,3,123.15,369.45000000000005
T0032,East,Electronics,TV,2025-05-25,Online,4,312.47,1249.88
T0033,South,Home,Vacuum,2025-03-04,In-Store,3,441.03,1323.09
T0034,West,Home,Couch,2025-05-22,In-Store,5,8.87,44.349999999999994
T0035,East,Electronics,TV,2025-03-14,Online,5,81.95,409.75
T0036,East,Toys,Puzzle,2025-04-19,In-Store,1,50.69,50.69
T0037,East,Clothing,Jacket,2025-04-24,In-Store,3,84.98,254.94
T0038,North,Clothing,Jacket,2025-05-30,Online,1,418.12,418.12
T0039,North,Home,Lamp,2025-02-23,Online,1,449.97,449.97
T0040,West,Clothing,Shirt,2025-02-15,In-Store,2,488.22,976.44
T0041,East,Toys,RC Car,2025-06-29,Online,2,137.07,274.14
T0042,West,Clothing,Shirt,2025-02-28,Online,4,178.08,712.32
T0043,South,Toys,Puzzle,2025-03-13,In-Store,3,432.85,1298.5500000000002
T0044,East,Electronics,TV,2025-03-09,Online,3,93.39,280.17
T0045,West,Home,Couch,2025-05-11,Online,3,221.01,663.03
T0046,South,Home,Vacuum,2025-05-18,Online,4,5.84,23.36
T0047,North,Home,Couch,2025-02-01,In-Store,3,333.38,1000.14
T0048,West,Home,Lamp,2025-02-19,In-Store,3,279.43,838.29
T0049,South,Home,Lamp,2025-03-19,In-Store,5,417.69,2088.45
T0050,East,Toys,Puzzle,2025-05-11,In-Store,4,339.44,1357.76
T0051,North,Home,Couch,2025-03-02,In-Store,5,170.92,854.5999999999999
T0052,South,Electronics,TV,2025-06-06,Online,2,492.05,984.1
T0053,South,Toys,Puzzle,2025-06-17,Online,4,125.77,503.08
T0054,West,Clothing,Shirt,2025-05-23,Online,5,234.95,1174.75
T0055,South,Toys,RC Car,2025-06-02,In-Store,5,494.01,2470.05
T0056,West,Toys,Doll,2025-03-05,In-Store,4,227.78,911.12
T0057,South,Home,Lamp,2025-03-02,In-Store,1,358.2,358.2
T0058,North,Clothing,Shirt,2025-02-09,Online,2,194.6,389.2
T0059,West,Home,Couch,2025-02-22,In-Store,4,210.81,843.24
T0060,North,Toys,Puzzle,2025-03-18,In-Store,1,471.66,471.66
T0061,South,Toys,Doll,2025-01-08,In-Store,3,220.74,662.22
T0062,West,Clothing,Jeans,2025-05-17,Online,2,490.46,980.92
T0063,North,Electronics,Headphones,2025-04-29,Online,4,72.17,288.68
T0064,West,Home,Vacuum,2025-04-08,In-Store,4,166.79,667.16
T0065,North,Toys,Doll,2025-03-31,Online,5,30.78,153.9
T0066,North,Electronics,TV,2025-06-09,Online,2,420.42,840.84
T0067,West,Electronics,Headphones,2025-03-07,In-Store,2,235.19,470.38
T0068,North,Clothing,Jeans,2025-03-21,In-Store,1,291.45,291.45
T0069,South,Electronics,Headphones,2025-03-19,Online,2,55.44,110.88
T0070,West,Home,Vacuum,2025-01-04,In-Store,5,325.53,1627.6499999999999
T0071,West,Home,Couch,2025-04-22,Online,4,355.12,1420.48
T0072,West,Toys,Puzzle,2025-03-04,Online,5,137.86,689.3000000000001
T0073,South,Toys,RC Car,2025-03-28,Online,5,335.75,1678.75
T0074,South,Toys,Doll,2025-03-29,In-Store,3,399.93,1199.79
T0075,North,Clothing,Shirt,2025-05-06,Online,2,361.44,722.88
T0076,West,Toys,Doll,2025-04-14,Online,1,150.65,150.65
T0077,East,Toys,RC Car,2025-05-21,In-Store,5,175.16,875.8
T0078,West,Home,Lamp,2025-02-19,In-Store,3,119.12,357.36
T0079,South,Clothing,Shirt,2025-05-31,In-Store,4,141.87,567.48
T0080,East,Clothing,Jeans,2025-05-17,Online,2,154.62,309.24
T0081,North,Home,Couch,2025-05-06,Online,2,320.75,641.5
T0082,East,Toys,Puzzle,2025-01-14,In-Store,4,173.65,694.6
T0083,North,Toys,Puzzle,2025-06-25,Online,1,290.63,290.63
T0084,East,Electronics,TV,2025-04-17,Online,1,281.25,281.25
T0085,West,Home,Couch,2025-06-08,Online,4,156.16,624.64
T0086,South,Clothing,Jeans,2025-02-14,Online,1,82.74,82.74
T0087,West,Toys,RC Car,2025-01-09,Online,5,237.61,1188.0500000000002
T0088,East,Toys,Doll,2025-06-10,Online,2,462.34,924.68
T0089,South,Clothing,Jeans,2025-02-12,In-Store,2,40.35,80.7
T0090,North,Toys,RC Car,2025-03-11,In-Store,3,351.37,1054.1100000000001
T0091,North,Toys,RC Car,2025-01-07,Online,3,303.84,911.52
T0092,North,Home,Couch,2025-02-14,In-Store,1,382.74,382.74
T0093,South,Toys,RC Car,2025-05-01,In-Store,4,484.68,1938.72
T0094,East,Electronics,TV,2025-05-07,In-Store,3,208.76,626.28
T0095,North,Toys,Doll,2025-01-30,In-Store,3,129.94,389.82
T0096,West,Toys,Doll,2025-06-09,In-Store,2,261.63,523.26
T0097,North,Clothing,Jeans,2025-03-15,In-Store,5,69.85,349.25
T0098,North,Clothing,Jacket,2025-01-04,In-Store,2,158.82,317.64
T0099,North,Toys,Doll,2025-03-16,In-Store,2,251.7,503.4
T0100,West,Clothing,Jeans,2025-02-18,Online,5,76.6,383.0
T0101,West,Home,Couch,2025-03-14,In-Store,3,411.17,1233.51
T0102,West,Toys,Puzzle,2025-05-20,In-Store,3,278.2,834.5999999999999
T0103,South,Clothing,Jacket,2025-04-16,Online,4,120.61,482.44
T0104,West,Toys,Puzzle,2025-01-10,Online,2,250.19,500.38
T0105,West,Electronics,Headphones,2025-02-06,In-Store,4,12.6,50.4
T0106,West,Home,Lamp,2025-06-16,Online,5,347.89,1739.4499999999998
T0107,West,Home,Couch,2025-01-10,Online,4,436.83,1747.32
T0108,East,Clothing,Jacket,2025-01-26,Online,1,219.82,219.82
T0109,East,Electronics,TV,2025-03-17,In-Store,3,399.09,1197.27
T0110,South,Clothing,Jacket,2025-02-16,Online,4,285.13,1140.52
T0111,West,Clothing,Jeans,2025-04-29,In-Store,5,75.84,379.20000000000005
T0112,North,Toys,Puzzle,2025-04-24,In-Store,5,83.2,416.0
T0113,West,Home,Lamp,2025-04-09,In-Store,3,103.61,310.83
T0114,West,Home,Couch,2025-03-17,Online,3,496.38,1489.1399999999999
T0115,North,Electronics,Headphones,2025-03-15,Online,4,417.26,1669.04
T0116,South,Home,Couch,2025-06-10,Online,2,315.98,631.96
T0117,North,Home,Couch,2025-03-17,In-Store,2,49.62,99.24
T0118,South,Clothing,Jacket,2025-03-11,Online,3,267.77,803.31
T0119,East,Home,Vacuum,2025-02-06,Online,4,481.63,1926.52
T0120,East,Electronics,Laptop,2025-02-01,In-Store,1,135.91,135.91
T0121,East,Toys,RC Car,2025-03-01,In-Store,3,58.63,175.89000000000001
T0122,East,Clothing,Jacket,2025-04-29,In-Store,1,319.52,319.52
T0123,South,Electronics,TV,2025-01-30,Online,3,497.98,1493.94
T0124,South,Toys,Puzzle,2025-06-28,In-Store,3,336.89,1010.67
T0125,North,Toys,RC Car,2025-03-13,Online,4,469.83,1879.32
T0126,West,Toys,Doll,2025-06-25,In-Store,3,54.18,162.54
T0127,West,Home,Vacuum,2025-04-27,Online,1,474.76,474.76
T0128,North,Electronics,Laptop,2025-05-25,Online,2,494.47,988.94
T0129,South,Clothing,Shirt,2025-06-02,Online,3,388.31,1164.93
T0130,South,Home,Vacuum,2025-01-07,Online,1,332.22,332.22
T0131,South,Home,Vacuum,2025-02-02,In-Store,2,136.36,272.72
T0132,North,Toys,Puzzle,2025-01-28,In-Store,3,259.05,777.1500000000001
T0133,North,Home,Lamp,2025-05-03,In-Store,1,35.11,35.11
T0134,North,Toys,RC Car,2025-01-21,In-Store,4,41.38,165.52
T0135,South,Home,Couch,2025-03-25,In-Store,5,276.44,1382.2
T0136,West,Electronics,Headphones,2025-06-16,Online,1,427.13,427.13
T0137,South,Toys,Puzzle,2025-01-25,In-Store,4,202.37,809.48
T0138,East,Home,Vacuum,2025-01-22,Online,4,38.23,152.92
T0139,East,Clothing,Jacket,2025-05-24,In-Store,1,295.3,295.3
T0140,East,Toys,RC Car,2025-06-03,In-Store,1,484.36,484.36
T0141,South,Clothing,Jacket,2025-01-28,In-Store,4,116.0,464.0
T0142,East,Clothing,Jeans,2025-06-09,Online,5,487.4,2437.0
T0143,South,Home,Couch,2025-03-31,Online,3,461.16,1383.48
T0144,West,Electronics,TV,2025-05-16,Online,1,50.42,50.42
T0145,West,Home,Vacuum,2025-03-25,Online,3,159.26,477.78
T0146,South,Electronics,Headphones,2025-06-19,In-Store,1,139.69,139.69
T0147,West,Toys,Puzzle,2025-01-30,In-Store,2,378.7,757.4
T0148,East,Toys,RC Car,2025-04-12,Online,3,27.48,82.44
T0149,East,Clothing,Shirt,2025-01-31,Online,3,148.28,444.84000000000003
T0150,West,Clothing,Shirt,2025-02-28,In-Store,4,268.63,1074.52
T0151,North,Toys,Doll,2025-03-22,In-Store,4,460.98,1843.92
T0152,West,Home,Vacuum,2025-03-25,Online,4,15.32,61.28
T0153,East,Electronics,Laptop,2025-05-31,In-Store,1,125.44,125.44
T0154,East,Home,Vacuum,2025-01-20,Online,3,390.66,1171.98
T0155,East,Home,Couch,2025-02-07,In-Store,2,121.95,243.9
T0156,South,Electronics,TV,2025-05-25,In-Store,4,234.66,938.64
T0157,East,Clothing,Jeans,2025-06-11,In-Store,1,237.12,237.12
T0158,North,Home,Couch,2025-04-26,Online,1,158.65,158.65
T0159,East,Electronics,Headphones,2025-05-10,In-Store,1,309.43,309.43
T0160,North,Toys,RC Car,2025-05-02,Online,2,164.16,328.32
T0161,North,Home,Couch,2025-02-14,Online,1,254.75,254.75
T0162,West,Toys,RC Car,2025-04-04,In-Store,5,306.85,1534.25
T0163,West,Home,Couch,2025-06-11,In-Store,5,30.92,154.60000000000002
T0164,North,Toys,Puzzle,2025-06-18,Online,3,363.25,1089.75
T0165,South,Home,Lamp,2025-01-22,In-Store,4,68.83,275.32
T0166,East,Clothing,Jacket,2025-06-21,In-Store,5,51.26,256.3
T0167,East,Home,Vacuum,2025-05-05,Online,2,174.16,348.32
T0168,South,Electronics,Laptop,2025-05-19,Online,1,256.31,256.31
T0169,South,Toys,Doll,2025-06-27,Online,2,94.52,189.04
T0170,West,Home,Couch,2025-06-06,In-Store,2,484.95,969.9
T0171,South,Home,Lamp,2025-05-27,In-Store,2,187.08,374.16
T0172,East,Toys,RC Car,2025-02-11,Online,5,212.24,1061.2
T0173,North,Toys,Puzzle,2025-05-13,Online,5,467.48,2337.4
T0174,South,Home,Lamp,2025-04-22,Online,5,77.94,389.7
T0175,East,Electronics,Laptop,2025-04-06,Online,1,201.24,201.24
T0176,East,Clothing,Shirt,2025-06-16,In-Store,3,465.76,1397.28
T0177,North,Home,Lamp,2025-05-01,In-Store,2,380.63,761.26
T0178,North,Home,Vacuum,2025-06-05,In-Store,2,276.66,553.32
T0179,East,Clothing,Jeans,2025-04-18,In-Store,1,28.64,28.64
T0180,West,Electronics,Headphones,2025-02-06,In-Store,5,289.65,1448.25
T0181,East,Clothing,Jacket,2025-06-21,Online,4,97.72,390.88
T0182,North,Toys,Puzzle,2025-04-06,In-Store,1,319.66,319.66
T0183,North,Home,Vacuum,2025-03-27,Online,1,386.89,386.89
T0184,East,Clothing,Jacket,2025-05-03,Online,4,490.51,1962.04
T0185,West,Electronics,Laptop,2025-02-21,Online,2,26.68,53.36
T0186,West,Toys,Puzzle,2025-02-18,In-Store,1,377.88,377.88
T0187,North,Home,Lamp,2025-04-22,In-Store,1,400.67,400.67
T0188,East,Clothing,Jeans,2025-05-13,In-Store,4,186.84,747.36
T0189,West,Electronics,Laptop,2025-02-16,In-Store,5,497.57,2487.85
T0190,North,Home,Couch,2025-06-04,In-Store,3,156.72,470.15999999999997
T0191,West,Home,Lamp,2025-04-01,In-Store,1,364.77,364.77
T0192,North,Electronics,Headphones,2025-06-23,Online,4,184.84,739.36
T0193,West,Electronics,TV,2025-06-15,In-Store,1,121.82,121.82
T0194,North,Clothing,Jacket,2025-04-06,In-Store,4,474.67,1898.68
T0195,South,Home,Lamp,2025-03-05,Online,3,326.53,979.5899999999999
T0196,South,Toys,RC Car,2025-01-31,In-Store,4,457.2,1828.8
T0197,West,Clothing,Jacket,2025-05-06,Online,3,348.52,1045.56
T0198,North,Toys,Doll,2025-06-24,In-Store,4,498.64,1994.56
T0199,North,Home,Lamp,2025-06-29,Online,2,357.35,714.7
T0200,South,Electronics,TV,2025-05-07,Online,2,122.18,244.36
T0201,East,Toys,RC Car,2025-01-23,Online,2,307.91,615.82
T0202,West,Toys,Puzzle,2025-03-23,Online,5,41.51,207.54999999999998
T0203,East,Clothing,Jacket,2025-02-03,In-Store,5,95.07,475.34999999999997
T0204,South,Home,Vacuum,2025-02-27,In-Store,2,164.72,329.44
T0205,East,Clothing,Jacket,2025-06-10,In-Store,5,140.85,704.25
T0206,South,Clothing,Shirt,2025-06-04,In-Store,5,361.71,1808.55
T0207,North,Electronics,Headphones,2025-02-23,In-Store,5,136.0,680.0
T0208,East,Home,Lamp,2025-06-25,In-Store,2,403.32,806.64
T0209,North,Electronics,TV,2025-04-29,Online,4,210.73,842.92
T0210,South,Home,Couch,2025-03-30,In-Store,3,368.43,1105.29
T0211,East,Electronics,Laptop,2025-03-10,In-Store,2,235.9,471.8
T0212,North,Electronics,Laptop,2025-04-18,Online,4,432.76,1731.04
T0213,East,Clothing,Shirt,2025-04-30,In-Store,4,498.0,1992.0
T0214,North,Electronics,Laptop,2025-03-03,Online,5,231.33,1156.65
T0215,North,Home,Lamp,2025-06-17,In-Store,5,441.76,2208.8
T0216,North,Electronics,Laptop,2025-04-04,In-Store,2,441.82,883.64
T0217,West,Electronics,Headphones,2025-05-22,In-Store,5,101.35,506.75
T0218,West,Home,Couch,2025-01-25,In-Store,5,63.81,319.05
T0219,East,Clothing,Shirt,2025-05-09,Online,5,257.02,1285.1
T0220,South,Home,Lamp,2025-06-05,Online,5,231.21,1156.05
T0221,East,Clothing,Jeans,2025-03-18,In-Store,5,370.96,1854.8
T0222,East,Toys,Doll,2025-01-29,In-Store,3,168.96,506.88
T0223,North,Toys,Puzzle,2025-01-14,In-Store,5,290.93,1454.65
T0224,West,Clothing,Jacket,2025-06-29,Online,2,20.63,41.26
T0225,West,Home,Lamp,2025-02-22,In-Store,2,209.42,418.84
T0226,North,Clothing,Jacket,2025-06-19,In-Store,2,282.64,565.28
T0227,South,Toys,RC Car,2025-06-23,In-Store,3,275.41,826.23
T0228,South,Home,Couch,2025-03-18,In-Store,3,116.31,348.93
T0229,West,Home,Lamp,2025-03-12,In-Store,3,282.44,847.3199999999999
T0230,West,Toys,Puzzle,2025-03-15,Online,2,148.77,297.54
T0231,East,Toys,Doll,2025-03-11,In-Store,2,414.84,829.68
T0232,South,Clothing,Shirt,2025-03-01,Online,5,116.71,583.55
T0233,East,Toys,Doll,2025-05-21,Online,2,7.56,15.12
T0234,West,Toys,RC Car,2025-03-15,In-Store,2,379.18,758.36
T0235,North,Electronics,Headphones,2025-01-10,Online,5,119.95,599.75
T0236,North,Toys,Puzzle,2025-03-16,Online,2,468.62,937.24
T0237,North,Home,Lamp,2025-05-20,In-Store,4,494.6,1978.4
T0238,West,Home,Vacuum,2025-04-28,In-Store,1,168.69,168.69
T0239,East,Home,Couch,2025-06-13,In-Store,2,91.87,183.74
T0240,East,Electronics,Laptop,2025-02-05,In-Store,1,96.47,96.47
T0241,North,Home,Lamp,2025-03-10,In-Store,2,226.13,452.26
T0242,North,Home,Couch,2025-01-16,Online,3,347.92,1043.76
T0243,South,Toys,RC Car,2025-06-30,In-Store,5,461.94,2309.7
T0244,East,Home,Couch,2025-02-04,In-Store,2,113.47,226.94
T0245,East,Toys,RC Car,2025-05-18,Online,5,456.83,2284.15
T0246,North,Toys,RC Car,2025-05-25,Online,3,43.66,130.98
T0247,South,Clothing,Shirt,2025-04-24,Online,3,427.97,1283.91
T0248,West,Electronics,Headphones,2025-04-27,Online,4,405.3,1621.2
T0249,North,Toys,RC Car,2025-04-12,In-Store,3,363.02,1089.06
T0250,South,Electronics,TV,2025-01-17,Online,4,175.54,702.16
T0251,North,Home,Lamp,2025-06-14,In-Store,2,385.64,771.28
T0252,West,Toys,Puzzle,2025-06-19,Online,1,342.95,342.95
T0253,South,Toys,RC Car,2025-02-27,Online,2,365.29,730.58
T0254,West,Toys,RC Car,2025-03-05,In-Store,4,412.56,1650.24
T0255,East,Clothing,Jacket,2025-06-19,In-Store,1,20.95,20.95
T0256,South,Electronics,TV,2025-06-03,Online,5,21.62,108.10000000000001
T0257,North,Toys,Puzzle,2025-01-15,Online,2,272.18,544.36
T0258,East,Home,Vacuum,2025-06-19,Online,3,438.75,1316.25
T0259,East,Electronics,Headphones,2025-02-14,In-Store,5,440.46,2202.2999999999997
T0260,East,Toys,RC Car,2025-04-15,Online,3,349.67,1049.01
T0261,South,Toys,Doll,2025-02-06,In-Store,2,153.86,307.72
T0262,West,Toys,RC Car,2025-03-04,In-Store,5,71.38,356.9
T0263,North,Toys,Puzzle,2025-02-18,Online,1,270.14,270.14
T0264,North,Electronics,TV,2025-05-24,Online,5,363.53,1817.6499999999999
T0265,East,Home,Vacuum,2025-01-31,In-Store,2,468.89,937.78
T0266,South,Toys,Doll,2025-03-14,In-Store,5,164.2,821.0
T0267,East,Home,Lamp,2025-05-08,In-Store,3,258.84,776.52
T0268,West,Home,Vacuum,2025-01-12,Online,3,159.9,479.70000000000005
T0269,East,Toys,Puzzle,2025-02-28,In-Store,2,102.11,204.22
T0270,East,Home,Lamp,2025-04-01,Online,4,233.11,932.44
T0271,West,Clothing,Jacket,2025-01-20,Online,1,264.35,264.35
T0272,South,Clothing,Shirt,2025-05-10,In-Store,2,9.53,19.06
T0273,West,Toys,Doll,2025-04-16,Online,1,268.45,268.45
T0274,East,Home,Vacuum,2025-06-22,In-Store,5,407.51,2037.55
T0275,North,Clothing,Shirt,2025-03-06,In-Store,2,311.79,623.58
T0276,North,Home,Lamp,2025-06-28,Online,4,284.68,1138.72
T0277,North,Electronics,TV,2025-05-22,In-Store,4,192.74,770.96
T0278,North,Clothing,Shirt,2025-06-15,In-Store,4,423.44,1693.76
T0279,North,Clothing,Shirt,2025-01-12,Online,5,240.37,1201.85
T0280,North,Clothing,Jeans,2025-05-31,Online,1,480.93,480.93
T0281,East,Clothing,Jacket,2025-04-10,In-Store,2,285.51,571.02
T0282,South,Electronics,Headphones,2025-04-22,Online,3,31.58,94.74
T0283,West,Home,Vacuum,2025-04-26,In-Store,3,392.86,1178.58
T0284,West,Toys,Doll,2025-01-22,In-Store,5,332.03,1660.1499999999999
T0285,North,Electronics,Laptop,2025-06-12,Online,2,193.1,386.2
T0286,East,Electronics,TV,2025-04-24,In-Store,1,471.77,471.77
T0287,South,Electronics,TV,2025-05-23,In-Store,4,227.18,908.72
T0288,North,Home,Couch,2025-03-25,In-Store,1,300.48,300.48
T0289,West,Toys,Doll,2025-03-04,Online,5,453.08,2265.4
T0290,South,Home,Lamp,2025-01-17,Online,3,249.1,747.3
T0291,West,Home,Lamp,2025-03-05,In-Store,1,183.76,183.76
T0292,North,Clothing,Jeans,2025-03-27,In-Store,1,474.67,474.67
T0293,East,Toys,RC Car,2025-03-24,Online,5,72.38,361.9
T0294,South,Toys,Puzzle,2025-06-12,In-Store,3,368.76,1106.28
T0295,West,Home,Lamp,2025-05-25,Online,3,61.37,184.10999999999999
T0296,North,Toys,RC Car,2025-03-16,Online,2,222.04,444.08
T0297,West,Clothing,Jacket,2025-06-18,Online,3,124.8,374.4
T0298,North,Toys,RC Car,2025-05-17,In-Store,4,293.21,1172.84
T0299,North,Electronics,TV,2025-06-06,Online,3,87.34,262.02
T0300,East,Toys,Doll,2025-02-26,Online,1,53.81,53.81
T0301,West,Toys,RC Car,2025-02-08,In-Store,5,346.77,1733.85
T0302,North,Home,Lamp,2025-02-06,In-Store,1,62.45,62.45
T0303,West,Clothing,Jacket,2025-01-25,In-Store,4,177.41,709.64
T0304,North,Home,Vacuum,2025-03-29,Online,1,16.18,16.18
T0305,South,Clothing,Jacket,2025-04-20,In-Store,2,168.84,337.68
T0306,South,Clothing,Jacket,2025-06-07,Online,4,200.81,803.24
T0307,West,Toys,Doll,2025-06-30,Online,2,106.86,213.72
T0308,South,Home,Lamp,2025-03-09,In-Store,2,231.49,462.98
T0309,West,Toys,RC Car,2025-04-28,Online,1,177.22,177.22
T0310,North,Clothing,Jeans,2025-01-30,Online,1,123.09,123.09
T0311,South,Toys,Puzzle,2025-04-09,In-Store,5,73.24,366.2
T0312,South,Clothing,Jeans,2025-03-22,In-Store,3,74.45,223.35000000000002
T0313,North,Toys,Doll,2025-05-24,In-Store,2,408.53,817.06
T0314,West,Toys,RC Car,2025-01-22,Online,4,246.91,987.64
T0315,North,Home,Vacuum,2025-04-28,In-Store,5,147.89,739.4499999999999
T0316,North,Home,Couch,2025-01-11,In-Store,3,273.31,819.9300000000001
T0317,North,Clothing,Jeans,2025-03-31,Online,1,227.62,227.62
T0318,South,Clothing,Jacket,2025-06-06,In-Store,5,346.12,1730.6
T0319,South,Clothing,Shirt,2025-05-17,In-Store,1,287.19,287.19
T0320,East,Home,Couch,2025-05-12,Online,3,476.44,1429.32
T0321,West,Electronics,Laptop,2025-02-03,Online,2,352.21,704.42
T0322,East,Clothing,Jacket,2025-05-28,In-Store,4,247.28,989.12
T0323,West,Electronics,Headphones,2025-03-13,In-Store,1,204.41,204.41
T0324,East,Electronics,Headphones,2025-04-28,In-Store,1,366.81,366.81
T0325,West,Clothing,Jeans,2025-03-24,In-Store,2,249.88,499.76
T0326,South,Toys,Puzzle,2025-06-10,In-Store,1,27.74,27.74
T0327,South,Toys,Puzzle,2025-04-20,Online,1,495.96,495.96
T0328,East,Clothing,Jeans,2025-03-06,Online,1,329.02,329.02
T0329,South,Electronics,Laptop,2025-03-01,In-Store,3,364.36,1093.08
T0330,North,Electronics,TV,2025-06-01,Online,4,43.58,174.32
T0331,North,Home,Vacuum,2025-05-03,Online,4,348.55,1394.2
T0332,North,Electronics,TV,2025-03-18,Online,3,186.94,560.8199999999999
T0333,South,Clothing,Shirt,2025-06-06,Online,5,283.83,1419.1499999999999
T0334,South,Clothing,Jeans,2025-02-25,Online,5,344.85,1724.25
T0335,North,Toys,Puzzle,2025-02-05,Online,4,160.68,642.72
T0336,North,Clothing,Jacket,2025-06-05,In-Store,5,302.0,1510.0
T0337,East,Clothing,Jacket,2025-04-11,In-Store,5,257.21,1286.05
T0338,West,Toys,Doll,2025-06-02,Online,2,252.29,504.58
T0339,East,Clothing,Jeans,2025-05-20,Online,5,213.33,1066.65
T0340,North,Electronics,Headphones,2025-02-25,Online,1,11.83,11.83
T0341,East,Toys,Puzzle,2025-05-18,Online,4,45.8,183.2
T0342,East,Electronics,Headphones,2025-02-09,In-Store,2,487.29,974.58
T0343,North,Home,Couch,2025-03-03,Online,4,366.33,1465.32
T0344,West,Electronics,Laptop,2025-03-21,Online,5,306.37,1531.85
T0345,South,Electronics,TV,2025-05-14,In-Store,4,476.74,1906.96
T0346,South,Home,Couch,2025-01-08,In-Store,1,386.86,386.86
T0347,North,Home,Couch,2025-05-08,In-Store,5,315.63,1578.15
T0348,West,Clothing,Jeans,2025-01-27,Online,2,131.28,262.56
T0349,North,Electronics,TV,2025-04-04,In-Store,2,27.76,55.52
T0350,North,Toys,Doll,2025-03-23,In-Store,3,127.89,383.67
T0351,East,Electronics,Headphones,2025-05-13,Online,1,93.78,93.78
T0352,West,Home,Lamp,2025-04-27,Online,3,47.76,143.28
T0353,East,Home,Couch,2025-04-05,In-Store,5,125.08,625.4
T0354,South,Clothing,Shirt,2025-05-19,In-Store,4,16.84,67.36
T0355,North,Toys,RC Car,2025-05-16,Online,3,56.45,169.35000000000002
T0356,North,Clothing,Jacket,2025-03-01,In-Store,3,51.05,153.14999999999998
T0357,North,Electronics,Headphones,2025-04-11,Online,2,320.42,640.84
T0358,South,Clothing,Jeans,2025-04-11,In-Store,3,426.2,1278.6
T0359,East,Clothing,Shirt,2025-05-30,Online,2,72.38,144.76
T0360,South,Toys,Puzzle,2025-05-18,In-Store,3,206.22,618.66
T0361,East,Toys,Puzzle,2025-06-25,In-Store,1,49.76,49.76
T0362,East,Clothing,Shirt,2025-04-12,Online,2,484.36,968.72
T0363,South,Electronics,Laptop,2025-05-21,Online,4,280.2,1120.8
T0364,North,Clothing,Shirt,2025-02-26,Online,1,35.53,35.53
T0365,East,Electronics,Headphones,2025-01-20,Online,5,133.12,665.6
T0366,West,Clothing,Shirt,2025-04-29,Online,3,65.65,196.95000000000002
T0367,West,Toys,Puzzle,2025-04-20,Online,1,194.45,194.45
T0368,South,Home,Lamp,2025-01-09,Online,4,442.29,1769.16
T0369,West,Toys,Doll,2025-02-05,In-Store,1,143.49,143.49
T0370,South,Electronics,Laptop,2025-05-05,In-Store,3,242.44,727.3199999999999
T0371,East,Clothing,Shirt,2025-01-08,In-Store,3,300.57,901.71
T0372,East,Clothing,Shirt,2025-03-03,In-Store,1,127.69,127.69
T0373,South,Toys,Puzzle,2025-06-01,In-Store,2,92.17,184.34
T0374,North,Home,Couch,2025-02-18,In-Store,5,75.34,376.70000000000005
T0375,West,Electronics,TV,2025-02-26,Online,1,120.15,120.15
T0376,East,Clothing,Shirt,2025-03-24,Online,3,359.88,1079.6399999999999
T0377,South,Electronics,Headphones,2025-04-06,In-Store,3,480.48,1441.44
T0378,East,Home,Vacuum,2025-04-22,In-Store,2,367.51,735.02
T0379,East,Clothing,Jacket,2025-04-07,In-Store,5,408.15,2040.75
T0380,South,Electronics,Headphones,2025-05-26,Online,5,198.84,994.2
T0381,East,Clothing,Jacket,2025-05-08,Online,5,56.53,282.65
T0382,North,Clothing,Jeans,2025-01-23,In-Store,3,88.1,264.29999999999995
T0383,East,Clothing,Shirt,2025-01-28,Online,1,178.49,178.49
T0384,West,Toys,Doll,2025-04-07,In-Store,4,249.08,996.32
T0385,West,Clothing,Shirt,2025-01-09,In-Store,4,41.49,165.96
T0386,East,Electronics,TV,2025-04-07,Online,3,89.2,267.6
T0387,North,Home,Couch,2025-06-30,Online,5,447.15,2235.75
T0388,South,Toys,Doll,2025-02-22,Online,1,55.12,55.12
T0389,East,Home,Lamp,2025-04-11,In-Store,2,52.48,104.96
T0390,East,Electronics,Laptop,2025-06-19,In-Store,1,150.8,150.8
T0391,North,Clothing,Shirt,2025-05-02,Online,3,488.64,1465.92
T0392,West,Toys,RC Car,2025-05-20,In-Store,3,50.11,150.32999999999998
T0393,West,Home,Vacuum,2025-04-23,In-Store,4,27.09,108.36
T0394,East,Electronics,TV,2025-03-30,In-Store,1,47.43,47.43
T0395,North,Toys,RC Car,2025-06-25,In-Store,4,482.99,1931.96
T0396,East,Electronics,Laptop,2025-05-13,Online,1,253.54,253.54
T0397,West,Clothing,Shirt,2025-02-02,Online,2,405.19,810.38
T0398,West,Clothing,Jacket,2025-03-08,In-Store,2,417.88,835.76
T0399,West,Toys,RC Car,2025-05-14,In-Store,3,429.03,1287.09
T0400,West,Electronics,Laptop,2025-05-31,Online,2,78.36,156.72
T0401,North,Home,Couch,2025-03-09,In-Store,3,439.56,1318.68
T0402,West,Electronics,TV,2025-06-08,In-Store,3,204.47,613.41
T0403,East,Clothing,Shirt,2025-04-06,Online,4,460.81,1843.24
T0404,East,Home,Lamp,2025-02-28,Online,1,486.39,486.39
T0405,West,Home,Lamp,2025-01-23,Online,4,304.46,1217.84
T0406,West,Toys,RC Car,2025-05-12,Online,3,411.4,1234.1999999999998
T0407,West,Clothing,Jacket,2025-02-19,Online,5,19.33,96.64999999999999
T0408,North,Toys,Doll,2025-03-12,In-Store,3,353.79,1061.3700000000001
T0409,West,Electronics,Headphones,2025-05-06,In-Store,1,124.76,124.76
T0410,East,Home,Vacuum,2025-06-26,Online,3,375.74,1127.22
T0411,West,Electronics,TV,2025-02-24,Online,5,391.02,1955.1
T0412,South,Home,Couch,2025-06-24,Online,4,259.07,1036.28
T0413,South,Electronics,TV,2025-03-20,In-Store,3,306.13,918.39
T0414,East,Toys,Puzzle,2025-06-23,In-Store,2,236.02,472.04
T0415,East,Home,Lamp,2025-03-28,In-Store,1,243.46,243.46
T0416,East,Home,Vacuum,2025-03-03,Online,2,261.06,522.12
T0417,East,Clothing,Jacket,2025-03-17,In-Store,1,329.42,329.42
T0418,West,Electronics,Headphones,2025-03-29,Online,5,408.93,2044.65
T0419,East,Home,Vacuum,2025-01-25,In-Store,5,94.66,473.29999999999995
T0420,East,Clothing,Jacket,2025-02-26,In-Store,3,328.95,986.8499999999999
T0421,East,Toys,Puzzle,2025-03-17,In-Store,3,133.98,401.93999999999994
T0422,North,Electronics,Laptop,2025-06-24,In-Store,2,252.74,505.48
T0423,North,Clothing,Shirt,2025-05-26,In-Store,2,174.62,349.24
T0424,South,Electronics,Laptop,2025-02-15,In-Store,3,317.36,952.08
T0425,West,Home,Vacuum,2025-02-10,In-Store,2,290.26,580.52
T0426,West,Toys,Puzzle,2025-04-09,Online,4,482.84,1931.36
T0427,South,Home,Vacuum,2025-05-16,Online,3,379.64,1138.92
T0428,North,Clothing,Shirt,2025-01-27,In-Store,3,159.49,478.47
T0429,North,Electronics,Laptop,2025-05-14,In-Store,3,230.68,692.04
T0430,South,Home,Lamp,2025-02-12,In-Store,3,376.31,1128.93
T0431,South,Clothing,Shirt,2025-02-13,Online,1,296.9,296.9
T0432,North,Toys,RC Car,2025-06-09,Online,3,386.77,1160.31
T0433,North,Electronics,TV,2025-04-08,Online,1,211.3,211.3
T0434,South,Clothing,Jacket,2025-06-19,Online,1,154.05,154.05
T0435,South,Toys,Doll,2025-01-31,In-Store,5,360.79,1803.95
T0436,West,Clothing,Jacket,2025-05-14,Online,2,390.09,780.18
T0437,West,Home,Vacuum,2025-02-23,In-Store,1,276.33,276.33
T0438,North,Electronics,Headphones,2025-05-27,In-Store,1,453.91,453.91
T0439,North,Electronics,Laptop,2025-03-17,In-Store,2,231.09,462.18
T0440,North,Clothing,Shirt,2025-06-23,In-Store,3,183.31,549.9300000000001
T0441,North,Electronics,TV,2025-06-19,Online,1,426.74,426.74
T0442,West,Home,Couch,2025-03-29,Online,1,189.45,189.45
T0443,West,Toys,Puzzle,2025-05-03,In-Store,4,346.5,1386.0
T0444,South,Electronics,TV,2025-06-01,In-Store,1,210.93,210.93
T0445,West,Home,Couch,2025-02-03,In-Store,1,431.98,431.98
T0446,West,Toys,Doll,2025-03-22,Online,1,134.5,134.5
T0447,East,Electronics,Laptop,2025-06-19,In-Store,2,243.56,487.12
T0448,North,Electronics,Headphones,2025-05-01,In-Store,2,255.26,510.52
T0449,West,Home,Vacuum,2025-01-13,Online,3,485.22,1455.66
T0450,South,Electronics,Laptop,2025-04-25,Online,4,401.62,1606.48
T0451,East,Electronics,Laptop,2025-04-16,Online,1,55.81,55.81
T0452,East,Clothing,Jacket,2025-04-04,Online,4,475.43,1901.72
T0453,East,Toys,RC Car,2025-01-30,Online,3,359.38,1078.1399999999999
T0454,East,Home,Couch,2025-04-06,Online,3,276.11,828.33
T0455,West,Clothing,Jacket,2025-06-06,Online,4,57.95,231.8
T0456,West,Clothing,Jeans,2025-01-28,In-Store,2,359.81,719.62
T0457,North,Toys,Puzzle,2025-02-04,In-Store,5,478.31,2391.55
T0458,North,Toys,RC Car,2025-02-15,Online,4,462.56,1850.24
T0459,West,Home,Couch,2025-06-05,Online,4,212.24,848.96
T0460,East,Home,Lamp,2025-06-04,In-Store,2,73.4,146.8
T0461,South,Clothing,Shirt,2025-06-25,In-Store,5,358.62,1793.1
T0462,South,Home,Couch,2025-05-24,In-Store,1,381.58,381.58
T0463,East,Toys,Doll,2025-04-08,Online,5,57.7,288.5
T0464,North,Clothing,Jeans,2025-06-24,In-Store,2,491.85,983.7
T0465,East,Clothing,Jacket,2025-04-26,Online,1,182.55,182.55
T0466,West,Clothing,Jacket,2025-01-13,In-Store,3,348.0,1044.0
T0467,East,Electronics,TV,2025-04-24,Online,3,105.53,316.59000000000003
T0468,South,Clothing,Jeans,2025-06-24,Online,4,92.83,371.32
T0469,North,Toys,Doll,2025-03-09,Online,4,143.16,572.64
T0470,East,Electronics,Laptop,2025-02-09,Online,4,356.3,1425.2
T0471,North,Home,Lamp,2025-01-19,In-Store,5,277.33,1386.6499999999999
T0472,North,Clothing,Jeans,2025-01-24,In-Store,5,270.83,1354.1499999999999
T0473,East,Home,Lamp,2025-06-08,In-Store,3,113.13,339.39
T0474,East,Toys,Doll,2025-03-04,Online,5,459.71,2298.5499999999997
T0475,North,Toys,Puzzle,2025-01-07,In-Store,5,363.37,1816.85
T0476,North,Home,Couch,2025-01-22,Online,2,163.55,327.1
T0477,North,Electronics,TV,2025-04-19,Online,2,433.15,866.3
T0478,West,Electronics,Headphones,2025-03-26,Online,2,16.76,33.52
T0479,North,Clothing,Jeans,2025-02-28,In-Store,5,39.87,199.35
T0480,West,Toys,Puzzle,2025-06-22,Online,3,13.36,40.08
T0481,North,Electronics,Headphones,2025-05-09,Online,1,182.06,182.06
T0482,East,Electronics,Laptop,2025-06-19,Online,4,193.8,775.2
T0483,South,Clothing,Jacket,2025-05-20,In-Store,4,399.4,1597.6
T0484,East,Electronics,Headphones,2025-01-11,Online,5,74.98,374.90000000000003
T0485,North,Home,Vacuum,2025-06-15,Online,3,109.81,329.43
T0486,South,Home,Vacuum,2025-05-26,Online,1,94.77,94.77
T0487,North,Home,Couch,2025-02-20,In-Store,1,129.09,129.09
T0488,South,Clothing,Shirt,2025-02-19,In-Store,3,311.66,934.98
T0489,East,Home,Couch,2025-05-26,In-Store,5,80.44,402.2
T0490,South,Electronics,Laptop,2025-06-14,In-Store,2,393.9,787.8
T0491,South,Home,Lamp,2025-03-20,In-Store,4,225.45,901.8
T0492,North,Home,Vacuum,2025-06-10,Online,5,102.23,511.15000000000003
T0493,North,Toys,RC Car,2025-05-22,In-Store,2,453.62,907.24
T0494,South,Home,Lamp,2025-05-31,In-Store,2,446.26,892.52
T0495,North,Toys,Puzzle,2025-03-03,Online,5,10.24,51.2
T0496,South,Clothing,Jacket,2025-02-07,In-Store,5,331.41,1657.0500000000002
T0497,South,Toys,Doll,2025-03-01,Online,1,135.86,135.86
T0498,East,Toys,Puzzle,2025-01-11,In-Store,4,441.37,1765.48
T0499,East,Home,Couch,2025-04-07,In-Store,5,287.23,1436.15
T0500,North,Home,Lamp,2025-04-01,In-Store,2,260.6,521.2
T0501,North,Clothing,Jeans,2025-05-12,In-Store,2,118.85,237.7
T0502,South,Clothing,Jeans,2025-01-31,Online,5,360.06,1800.3
T0503,North,Toys,RC Car,2025-06-01,Online,4,242.12,968.48
T0504,South,Electronics,TV,2025-02-04,Online,5,298.21,1491.05
T0505,South,Home,Vacuum,2025-06-03,Online,5,479.33,2396.65
T0506,South,Toys,RC Car,2025-02-13,Online,4,434.31,1737.24
T0507,South,Clothing,Jacket,2025-06-25,In-Store,5,135.94,679.7
T0508,North,Clothing,Jeans,2025-01-05,Online,4,70.45,281.8
T0509,North,Clothing,Jeans,2025-05-17,Online,5,301.91,1509.5500000000002
T0510,South,Electronics,Headphones,2025-04-05,Online,4,263.41,1053.64
T0511,West,Toys,Puzzle,2025-06-28,Online,5,403.29,2016.45
T0512,East,Toys,Doll,2025-05-20,In-Store,1,145.22,145.22
T0513,North,Electronics,Headphones,2025-01-02,In-Store,5,63.33,316.65
T0514,East,Toys,Puzzle,2025-06-16,In-Store,1,81.62,81.62
T0515,West,Home,Couch,2025-04-12,Online,3,495.94,1487.82
T0516,West,Clothing,Jeans,2025-03-06,In-Store,5,279.68,1398.4
T0517,West,Clothing,Jacket,2025-04-25,Online,1,375.17,375.17
T0518,West,Home,Couch,2025-06-30,Online,5,350.04,1750.2
T0519,North,Electronics,TV,2025-04-22,Online,4,463.3,1853.2
T0520,South,Home,Vacuum,2025-04-09,In-Store,5,23.69,118.45
T0521,North,Clothing,Jacket,2025-02-21,In-Store,4,222.29,889.16
T0522,South,Clothing,Jacket,2025-06-17,Online,1,183.07,183.07
T0523,East,Toys,Puzzle,2025-02-21,Online,4,205.7,822.8
T0524,East,Home,Lamp,2025-02-19,In-Store,3,117.02,351.06
T0525,North,Home,Vacuum,2025-05-24,Online,4,255.59,1022.36
T0526,North,Home,Couch,2025-04-24,In-Store,5,128.82,644.0999999999999
T0527,South,Home,Lamp,2025-01-08,In-Store,4,448.78,1795.12
T0528,North,Toys,RC Car,2025-02-28,In-Store,2,340.07,680.14
T0529,North,Home,Vacuum,2025-06-22,In-Store,3,51.04,153.12
T0530,South,Toys,Puzzle,2025-05-27,In-Store,3,113.19,339.57
T0531,South,Toys,RC Car,2025-03-03,In-Store,2,121.26,242.52
T0532,South,Clothing,Jacket,2025-01-28,Online,3,82.22,246.66
T0533,West,Electronics,Headphones,2025-04-06,In-Store,1,424.77,424.77
T0534,East,Toys,Doll,2025-02-26,Online,5,143.73,718.65
T0535,West,Toys,RC Car,2025-04-11,Online,1,253.73,253.73
T0536,West,Home,Couch,2025-02-23,In-Store,1,10.85,10.85
T0537,East,Home,Vacuum,2025-03-10,In-Store,5,135.11,675.5500000000001
T0538,South,Toys,Puzzle,2025-04-06,In-Store,2,212.45,424.9
T0539,West,Clothing,Jacket,2025-06-25,Online,2,489.74,979.48
T0540,East,Clothing,Jacket,2025-02-20,Online,4,428.87,1715.48
T0541,North,Clothing,Jeans,2025-06-11,In-Store,4,71.56,286.24
T0542,East,Electronics,Laptop,2025-01-16,Online,1,346.82,346.82
T0543,North,Toys,RC Car,2025-04-03,In-Store,3,133.59,400.77
T0544,West,Electronics,Laptop,2025-05-28,Online,5,103.48,517.4
T0545,East,Toys,RC Car,2025-04-08,In-Store,4,445.37,1781.48
T0546,South,Clothing,Jacket,2025-06-06,In-Store,3,213.8,641.4000000000001
T0547,South,Home,Vacuum,2025-03-16,In-Store,3,161.85,485.54999999999995
T0548,West,Home,Couch,2025-04-26,In-Store,5,262.86,1314.3000000000002
T0549,North,Clothing,Jacket,2025-06-29,Online,2,332.7,665.4
T0550,West,Electronics,TV,2025-05-02,Online,1,468.71,468.71
T0551,West,Electronics,TV,2025-01-22,In-Store,3,310.96,932.8799999999999
T0552,South,Home,Lamp,2025-02-13,Online,2,69.98,139.96
T0553,East,Home,Lamp,2025-05-19,In-Store,4,487.62,1950.48
T0554,South,Toys,RC Car,2025-06-13,In-Store,5,220.31,1101.55
T0555,South,Electronics,Laptop,2025-03-08,Online,3,186.06,558.1800000000001
T0556,North,Clothing,Jeans,2025-01-03,In-Store,3,237.25,711.75
T0557,North,Toys,Puzzle,2025-01-02,In-Store,5,119.45,597.25
T0558,West,Toys,Doll,2025-06-15,In-Store,2,358.89,717.78
T0559,East,Electronics,Laptop,2025-06-06,In-Store,2,260.72,521.44
T0560,East,Toys,Doll,2025-03-16,Online,1,95.29,95.29
T0561,West,Home,Couch,2025-03-24,Online,5,248.54,1242.7
T0562,North,Clothing,Shirt,2025-04-23,Online,3,138.25,414.75
T0563,South,Electronics,Laptop,2025-03-21,In-Store,2,174.25,348.5
T0564,North,Home,Vacuum,2025-04-11,Online,2,32.74,65.48
T0565,South,Home,Lamp,2025-03-05,In-Store,1,65.37,65.37
T0566,North,Clothing,Jeans,2025-02-23,In-Store,1,262.96,262.96
T0567,East,Home,Vacuum,2025-05-21,Online,1,373.64,373.64
T0568,East,Clothing,Jeans,2025-02-25,Online,1,432.51,432.51
T0569,West,Home,Vacuum,2025-05-30,Online,2,398.22,796.44
T0570,North,Electronics,Headphones,2025-02-09,In-Store,4,345.76,1383.04
T0571,South,Toys,Doll,2025-06-10,Online,5,172.52,862.6
T0572,South,Electronics,TV,2025-05-23,In-Store,4,120.17,480.68
T0573,South,Electronics,Headphones,2025-02-04,In-Store,4,182.29,729.16
T0574,West,Home,Couch,2025-02-17,In-Store,4,98.94,395.76
T0575,West,Home,Couch,2025-05-16,Online,5,84.37,421.85
T0576,East,Home,Lamp,2025-05-10,In-Store,1,389.08,389.08
T0577,East,Clothing,Jeans,2025-05-18,In-Store,1,330.85,330.85
T0578,West,Clothing,Jacket,2025-06-14,In-Store,3,164.69,494.07
T0579,North,Electronics,TV,2025-02-21,Online,2,437.38,874.76
T0580,North,Electronics,Headphones,2025-05-15,In-Store,4,330.67,1322.68
T0581,South,Electronics,TV,2025-01-21,In-Store,2,329.6,659.2
T0582,West,Home,Couch,2025-03-10,Online,1,412.7,412.7
T0583,North,Clothing,Jacket,2025-03-01,In-Store,1,55.11,55.11
T0584,South,Clothing,Jacket,2025-01-28,In-Store,5,210.52,1052.6000000000001
T0585,West,Electronics,TV,2025-05-10,In-Store,2,277.23,554.46
T0586,West,Home,Lamp,2025-03-25,In-Store,5,495.77,2478.85
T0587,West,Home,Couch,2025-02-24,In-Store,2,283.76,567.52
T0588,West,Toys,Puzzle,2025-03-14,Online,1,364.53,364.53
T0589,North,Home,Vacuum,2025-01-06,In-Store,2,428.58,857.16
T0590,North,Toys,Puzzle,2025-04-04,Online,2,73.51,147.02
T0591,East,Electronics,Headphones,2025-02-25,Online,4,286.69,1146.76
T0592,South,Toys,RC Car,2025-01-25,In-Store,5,410.66,2053.3
T0593,West,Electronics,TV,2025-04-22,In-Store,3,177.23,531.6899999999999
T0594,South,Electronics,Headphones,2025-05-15,Online,4,31.79,127.16
T0595,South,Home,Couch,2025-06-22,In-Store,2,80.83,161.66
T0596,North,Clothing,Jeans,2025-02-07,Online,3,394.25,1182.75
T0597,West,Electronics,Headphones,2025-04-13,In-Store,4,134.97,539.88
T0598,South,Toys,RC Car,2025-06-16,Online,2,246.49,492.98
T0599,North,Home,Lamp,2025-05-28,Online,3,343.95,1031.85
T0600,West,Toys,Puzzle,2025-03-30,Online,3,99.29,297.87
T0601,East,Toys,RC Car,2025-03-01,Online,2,223.03,446.06
T0602,North,Electronics,Headphones,2025-06-08,Online,1,125.31,125.31
T0603,East,Electronics,Laptop,2025-03-26,Online,4,238.24,952.96
T0604,East,Toys,RC Car,2025-06-21,Online,2,349.06,698.12
T0605,North,Home,Vacuum,2025-06-28,In-Store,1,145.59,145.59
T0606,North,Electronics,Laptop,2025-06-18,In-Store,3,333.18,999.54
T0607,East,Toys,Doll,2025-01-26,In-Store,4,256.73,1026.92
T0608,North,Clothing,Shirt,2025-05-24,Online,5,483.56,2417.8
T0609,East,Home,Lamp,2025-01-05,In-Store,4,373.47,1493.88
T0610,East,Clothing,Jacket,2025-06-10,In-Store,3,406.89,1220.67
T0611,East,Clothing,Shirt,2025-06-18,Online,3,449.1,1347.3000000000002
T0612,West,Clothing,Jeans,2025-04-20,In-Store,2,288.58,577.16
T0613,South,Clothing,Jacket,2025-06-25,Online,2,292.61,585.22
T0614,South,Toys,Doll,2025-03-23,Online,5,458.97,2294.8500000000004
T0615,East,Clothing,Jacket,2025-04-16,In-Store,1,383.89,383.89
T0616,East,Clothing,Shirt,2025-01-07,In-Store,1,70.12,70.12
T0617,South,Clothing,Jacket,2025-06-26,In-Store,1,182.83,182.83
T0618,West,Home,Vacuum,2025-02-05,Online,4,248.27,993.08
T0619,North,Toys,Doll,2025-02-26,Online,3,475.35,1426.0500000000002
T0620,South,Toys,RC Car,2025-04-28,Online,4,345.49,1381.96
T0621,North,Toys,RC Car,2025-05-27,Online,3,200.1,600.3
T0622,West,Electronics,TV,2025-01-11,In-Store,5,271.25,1356.25
T0623,East,Toys,Puzzle,2025-03-15,In-Store,3,387.97,1163.91
T0624,East,Electronics,Headphones,2025-04-29,In-Store,5,452.32,2261.6
T0625,North,Clothing,Jacket,2025-04-16,In-Store,5,71.98,359.90000000000003
T0626,South,Toys,RC Car,2025-01-24,In-Store,2,441.86,883.72
T0627,South,Electronics,TV,2025-06-12,In-Store,1,354.58,354.58
T0628,West,Clothing,Jeans,2025-02-13,In-Store,5,193.4,967.0
T0629,South,Clothing,Jacket,2025-03-21,In-Store,1,212.69,212.69
T0630,South,Electronics,TV,2025-03-06,Online,2,6.75,13.5
T0631,West,Electronics,Headphones,2025-05-31,In-Store,4,122.75,491.0
T0632,West,Electronics,Headphones,2025-05-21,In-Store,5,8.25,41.25
T0633,South,Clothing,Shirt,2025-01-09,In-Store,3,23.18,69.53999999999999
T0634,North,Electronics,Laptop,2025-03-14,Online,2,84.86,169.72
T0635,East,Electronics,TV,2025-04-08,Online,3,164.8,494.40000000000003
T0636,North,Home,Lamp,2025-03-12,In-Store,2,65.4,130.8
T0637,South,Clothing,Jacket,2025-06-11,Online,1,59.1,59.1
T0638,East,Toys,RC Car,2025-05-28,In-Store,3,133.53,400.59000000000003
T0639,West,Toys,Puzzle,2025-03-01,In-Store,2,442.41,884.82
T0640,North,Electronics,Laptop,2025-02-23,In-Store,1,370.05,370.05
T0641,East,Home,Couch,2025-02-21,In-Store,2,10.59,21.18
T0642,East,Home,Couch,2025-01-02,Online,5,165.34,826.7
T0643,West,Electronics,TV,2025-03-28,In-Store,2,168.6,337.2
T0644,South,Toys,Doll,2025-05-18,In-Store,4,446.57,1786.28
T0645,North,Home,Couch,2025-01-05,Online,3,279.81,839.4300000000001
T0646,North,Clothing,Jeans,2025-04-07,Online,1,172.88,172.88
T0647,North,Home,Couch,2025-03-11,In-Store,3,356.37,1069.1100000000001
T0648,South,Home,Lamp,2025-03-19,Online,3,111.99,335.96999999999997
T0649,North,Clothing,Shirt,2025-05-04,Online,4,255.47,1021.88
T0650,West,Home,Lamp,2025-01-26,Online,2,385.89,771.78
T0651,North,Toys,Puzzle,2025-03-21,Online,5,62.34,311.70000000000005
T0652,West,Electronics,TV,2025-03-21,Online,5,384.26,1921.3
T0653,South,Home,Vacuum,2025-05-17,In-Store,2,146.85,293.7
T0654,North,Home,Vacuum,2025-01-04,Online,2,140.45,280.9
T0655,East,Home,Lamp,2025-03-14,Online,2,471.92,943.84
T0656,East,Home,Couch,2025-01-08,In-Store,4,30.11,120.44
T0657,West,Electronics,TV,2025-06-30,In-Store,4,199.0,796.0
T0658,East,Clothing,Jacket,2025-04-30,Online,5,43.88,219.4
T0659,West,Electronics,Laptop,2025-04-30,In-Store,3,343.82,1031.46
T0660,South,Home,Lamp,2025-06-20,In-Store,4,95.76,383.04
T0661,West,Electronics,TV,2025-05-03,In-Store,4,60.88,243.52
T0662,East,Clothing,Jacket,2025-01-28,In-Store,1,205.81,205.81
T0663,West,Toys,RC Car,2025-03-04,Online,4,123.09,492.36
T0664,North,Home,Vacuum,2025-04-22,In-Store,5,218.42,1092.1
T0665,North,Toys,Doll,2025-03-25,Online,5,300.06,1500.3
T0666,East,Toys,Doll,2025-06-02,In-Store,5,58.83,294.15
T0667,North,Electronics,TV,2025-06-12,Online,2,444.19,888.38
T0668,South,Toys,RC Car,2025-05-28,In-Store,3,198.04,594.12
T0669,East,Home,Couch,2025-04-22,In-Store,3,459.66,1378.98
T0670,North,Toys,Doll,2025-05-21,Online,3,35.89,107.67
T0671,East,Electronics,Laptop,2025-06-29,In-Store,1,121.44,121.44
T0672,West,Toys,Puzzle,2025-06-19,Online,4,274.83,1099.32
T0673,South,Toys,Puzzle,2025-06-21,Online,4,81.36,325.44
T0674,North,Electronics,TV,2025-02-04,Online,4,330.67,1322.68
T0675,West,Toys,RC Car,2025-06-09,Online,5,465.5,2327.5
T0676,West,Toys,Puzzle,2025-04-19,Online,3,116.74,350.21999999999997
T0677,South,Home,Lamp,2025-01-09,Online,5,290.29,1451.45
T0678,East,Electronics,Headphones,2025-01-21,Online,4,481.06,1924.24
T0679,North,Electronics,TV,2025-06-19,Online,4,317.18,1268.72
T0680,North,Home,Couch,2025-05-12,In-Store,1,237.09,237.09
T0681,East,Home,Lamp,2025-06-02,In-Store,2,22.49,44.98
T0682,West,Clothing,Jacket,2025-03-16,Online,1,329.88,329.88
T0683,North,Clothing,Jacket,2025-03-13,In-Store,1,426.47,426.47
T0684,East,Home,Lamp,2025-06-04,Online,1,372.01,372.01
T0685,West,Home,Vacuum,2025-03-02,In-Store,3,392.35,1177.0500000000002
T0686,North,Home,Vacuum,2025-02-09,In-Store,2,299.79,599.58
T0687,West,Clothing,Jacket,2025-02-12,Online,4,364.37,1457.48
T0688,East,Electronics,TV,2025-05-02,In-Store,2,234.69,469.38
T0689,South,Toys,RC Car,2025-02-07,In-Store,4,239.92,959.68
T0690,West,Toys,RC Car,2025-06-24,Online,3,481.07,1443.21
T0691,East,Toys,RC Car,2025-03-10,Online,3,170.81,512.4300000000001
T0692,West,Toys,RC Car,2025-05-31,Online,2,368.49,736.98
T0693,South,Home,Couch,2025-01-18,Online,1,338.04,338.04
T0694,North,Toys,Puzzle,2025-03-06,Online,2,364.0,728.0
T0695,North,Electronics,Headphones,2025-06-13,Online,2,475.49,950.98
T0696,South,Toys,RC Car,2025-02-17,Online,5,402.58,2012.8999999999999
T0697,East,Toys,RC Car,2025-03-12,In-Store,1,321.2,321.2
T0698,South,Electronics,Laptop,2025-03-27,Online,1,194.49,194.49
T0699,South,Toys,Doll,2025-02-21,In-Store,4,489.81,1959.24
T0700,West,Electronics,TV,2025-02-25,Online,5,385.51,1927.55
T0701,East,Electronics,TV,2025-03-06,In-Store,1,39.85,39.85
T0702,South,Electronics,TV,2025-06-29,In-Store,4,136.89,547.56
T0703,North,Toys,Puzzle,2025-01-18,Online,4,204.94,819.76
T0704,West,Electronics,Headphones,2025-04-02,In-Store,5,467.85,2339.25
T0705,North,Electronics,Laptop,2025-03-29,Online,5,427.4,2137.0
T0706,East,Clothing,Shirt,2025-04-09,Online,5,24.47,122.35
T0707,West,Electronics,Headphones,2025-06-11,In-Store,3,245.82,737.46
T0708,North,Clothing,Shirt,2025-04-10,Online,5,123.05,615.25
T0709,West,Electronics,TV,2025-01-11,In-Store,3,32.75,98.25
T0710,West,Clothing,Jacket,2025-01-19,Online,5,120.33,601.65
T0711,North,Toys,RC Car,2025-06-16,Online,1,125.13,125.13
T0712,North,Home,Vacuum,2025-06-01,Online,4,307.56,1230.24
T0713,West,Clothing,Shirt,2025-06-23,In-Store,2,215.97,431.94
T0714,South,Home,Vacuum,2025-03-27,Online,1,298.58,298.58
T0715,South,Toys,Doll,2025-04-23,Online,3,278.94,836.8199999999999
T0716,North,Toys,Doll,2025-01-21,Online,1,440.42,440.42
T0717,North,Home,Lamp,2025-02-22,Online,4,347.72,1390.88
T0718,West,Toys,Doll,2025-01-10,Online,2,307.22,614.44
T0719,North,Home,Lamp,2025-03-02,Online,4,7.26,29.04
T0720,North,Home,Couch,2025-06-10,Online,5,113.54,567.7
T0721,South,Electronics,TV,2025-02-10,Online,4,251.27,1005.08
T0722,East,Home,Vacuum,2025-06-07,In-Store,4,129.43,517.72
T0723,North,Clothing,Shirt,2025-01-30,Online,1,245.11,245.11
T0724,West,Home,Lamp,2025-03-25,Online,2,374.81,749.62
T0725,South,Electronics,TV,2025-04-07,Online,4,435.59,1742.36
T0726,West,Electronics,Laptop,2025-06-06,In-Store,2,112.0,224.0
T0727,East,Clothing,Jeans,2025-03-11,Online,2,317.85,635.7
T0728,North,Electronics,Laptop,2025-04-30,In-Store,2,60.0,120.0
T0729,East,Clothing,Jeans,2025-06-13,Online,5,82.61,413.05
T0730,West,Toys,Doll,2025-04-29,In-Store,5,239.38,1196.9
T0731,West,Clothing,Shirt,2025-02-26,Online,3,219.95,659.8499999999999
T0732,North,Electronics,Laptop,2025-05-16,In-Store,5,21.64,108.2
T0733,North,Toys,Puzzle,2025-01-04,In-Store,2,46.13,92.26
T0734,East,Home,Vacuum,2025-06-21,In-Store,1,12.89,12.89
T0735,West,Electronics,Laptop,2025-06-30,In-Store,4,387.06,1548.24
T0736,West,Electronics,Headphones,2025-06-26,In-Store,1,195.52,195.52
T0737,West,Home,Couch,2025-02-23,Online,5,273.51,1367.55
T0738,North,Home,Vacuum,2025-04-30,Online,1,194.56,194.56
T0739,South,Electronics,Headphones,2025-03-27,Online,2,73.51,147.02
T0740,West,Clothing,Jacket,2025-03-10,In-Store,2,163.63,327.26
T0741,North,Home,Lamp,2025-05-15,Online,4,245.68,982.72
T0742,East,Toys,RC Car,2025-06-27,Online,10,400.95,1202.85
T0743,North,Electronics,Laptop,2025-01-20,Online,2,147.74,295.48
T0744,North,Clothing,Jeans,2025-05-14,Online,2,438.12,876.24
T0745,South,Toys,Puzzle,2025-06-15,Online,4,224.71,898.84
T0746,North,Electronics,TV,2025-04-16,In-Store,5,324.11,1620.5500000000002
T0747,West,Toys,Puzzle,2025-03-20,Online,5,70.32,351.59999999999997
T0748,West,Home,Lamp,2025-03-14,In-Store,1,78.43,78.43
T0749,South,Home,Vacuum,2025-06-27,Online,2,420.47,840.94
T0750,North,Electronics,Laptop,2025-03-08,In-Store,5,67.6,338.0
T0751,North,Home,Lamp,2025-05-19,Online,2,189.59,379.18
T0752,North,Toys,Puzzle,2025-03-23,Online,2,474.16,948.32
T0753,East,Home,Lamp,2025-05-27,Online,3,484.95,1454.85
T0754,North,Toys,Doll,2025-01-30,In-Store,2,340.61,681.22
T0755,South,Toys,Puzzle,2025-06-05,Online,1,166.55,166.55
T0756,East,Clothing,Shirt,2025-04-25,Online,1,271.51,271.51
T0757,West,Home,Couch,2025-01-15,In-Store,5,258.22,1291.1000000000001
T0758,West,Home,Lamp,2025-03-30,In-Store,3,11.03,33.089999999999996
T0759,North,Clothing,Jacket,2025-04-17,In-Store,4,372.06,1488.24
T0760,West,Toys,Doll,2025-02-06,Online,5,300.98,1504.9
T0761,East,Electronics,Headphones,2025-04-15,In-Store,4,48.78,195.12
T0762,West,Clothing,Shirt,2025-03-16,In-Store,2,416.98,833.96
T0763,East,Toys,RC Car,2025-01-01,Online,4,116.14,464.56
T0764,West,Electronics,Headphones,2025-05-06,Online,3,211.49,634.47
T0765,East,Toys,Doll,2025-05-29,In-Store,5,374.05,1870.25
T0766,West,Electronics,Laptop,2025-01-05,In-Store,5,367.81,1839.05
T0767,North,Clothing,Jeans,2025-02-04,In-Store,4,439.77,1759.08
T0768,East,Home,Lamp,2025-03-16,Online,3,29.11,87.33
T0769,South,Electronics,Headphones,2025-03-22,In-Store,2,274.14,548.28
T0770,East,Electronics,Headphones,2025-02-06,Online,5,179.06,895.3
T0771,East,Home,Lamp,2025-02-11,Online,4,173.45,693.8
T0772,South,Clothing,Jacket,2025-05-15,Online,5,346.38,1731.9
T0773,North,Electronics,TV,2025-03-21,In-Store,1,242.36,242.36
T0774,East,Clothing,Jacket,2025-01-31,Online,3,19.24,57.72
T0775,South,Clothing,Jeans,2025-01-21,In-Store,2,108.87,217.74
T0776,North,Toys,Puzzle,2025-01-09,Online,1,102.19,102.19
T0777,East,Electronics,TV,2025-01-25,Online,3,335.46,1006.3799999999999
T0778,South,Clothing,Jacket,2025-02-07,In-Store,3,19.48,58.44
T0779,South,Clothing,Jacket,2025-05-29,Online,5,38.83,194.14999999999998
T0780,South,Home,Vacuum,2025-01-26,Online,5,7.14,35.699999999999996
T0781,South,Toys,RC Car,2025-04-01,In-Store,1,94.52,94.52
T0782,South,Toys,Doll,2025-01-29,Online,3,66.19,198.57
T0783,East,Home,Couch,2025-05-07,Online,1,45.71,45.71
T0784,West,Home,Couch,2025-04-15,In-Store,4,116.81,467.24
T0785,North,Toys,RC Car,2025-06-22,In-Store,3,93.75,281.25
T0786,West,Electronics,TV,2025-06-27,Online,2,200.43,400.86
T0787,East,Clothing,Jeans,2025-04-14,Online,2,299.51,599.02
T0788,West,Home,Couch,2025-06-14,In-Store,5,298.86,1494.3000000000002
T0789,West,Toys,RC Car,2025-04-27,Online,3,77.95,233.85000000000002
T0790,West,Toys,Doll,2025-01-14,Online,2,19.71,39.42
T0791,North,Clothing,Jeans,2025-02-09,In-Store,5,341.21,1706.05
T0792,North,Toys,Puzzle,2025-05-08,In-Store,2,150.31,300.62
T0793,East,Electronics,TV,2025-01-31,In-Store,4,440.66,1762.64
T0794,West,Toys,Puzzle,2025-05-23,In-Store,1,21.27,21.27
T0795,West,Clothing,Jeans,2025-01-29,In-Store,4,246.29,985.16
T0796,South,Electronics,Laptop,2025-04-07,In-Store,3,249.87,749.61
T0797,North,Electronics,Headphones,2025-04-04,In-Store,1,68.46,68.46
T0798,East,Toys,Doll,2025-04-02,In-Store,4,175.85,703.4
T0799,South,Clothing,Shirt,2025-06-26,Online,3,298.3,894.9000000000001
T0800,East,Clothing,Shirt,2025-04-28,In-Store,5,166.43,832.1500000000001
T0801,North,Toys,RC Car,2025-04-07,In-Store,1,492.95,492.95
T0802,North,Toys,Doll,2025-05-09,In-Store,2,171.3,342.6
T0803,East,Home,Lamp,2025-01-20,Online,2,250.99,501.98
T0804,North,Home,Couch,2025-06-09,Online,4,403.28,1613.12
T0805,East,Home,Vacuum,2025-05-02,In-Store,5,401.59,2007.9499999999998
T0806,North,Home,Couch,2025-05-19,In-Store,3,219.29,657.87
T0807,West,Home,Couch,2025-05-21,Online,5,229.35,1146.75
T0808,South,Toys,Doll,2025-06-13,In-Store,4,137.63,550.52
T0809,South,Home,Lamp,2025-06-25,In-Store,2,123.99,247.98
T0810,East,Electronics,Headphones,2025-03-10,In-Store,2,423.75,847.5
T0811,South,Toys,Doll,2025-01-08,Online,1,79.23,79.23
T0812,West,Toys,Puzzle,2025-03-11,Online,1,104.99,104.99
T0813,East,Clothing,Jacket,2025-05-05,Online,1,482.07,482.07
T0814,East,Home,Vacuum,2025-06-21,Online,4,448.9,1795.6
T0815,South,Clothing,Shirt,2025-01-31,In-Store,5,368.57,1842.85
T0816,South,Electronics,Laptop,2025-04-10,Online,3,417.01,1251.03
T0817,South,Electronics,TV,2025-04-23,In-Store,2,485.11,970.22
T0818,North,Toys,RC Car,2025-01-29,In-Store,3,351.31,1053.93
T0819,South,Home,Vacuum,2025-04-05,In-Store,3,240.23,720.6899999999999
T0820,North,Electronics,Headphones,2025-04-09,In-Store,2,130.23,260.46
T0821,North,Clothing,Jeans,2025-04-11,In-Store,4,8.89,35.56
T0822,South,Home,Vacuum,2025-06-11,In-Store,2,458.37,916.74
T0823,East,Electronics,Laptop,2025-03-27,In-Store,4,369.79,1479.16
T0824,East,Electronics,Laptop,2025-05-21,In-Store,4,303.05,1212.2
T0825,North,Electronics,Headphones,2025-06-14,Online,2,316.93,633.86
T0826,South,Home,Lamp,2025-02-10,Online,5,45.7,228.5
T0827,West,Home,Lamp,2025-02-04,In-Store,4,437.39,1749.56
T0828,East,Home,Vacuum,2025-02-16,In-Store,1,210.18,210.18
T0829,South,Electronics,TV,2025-06-10,Online,5,325.32,1626.6
T0830,South,Home,Couch,2025-06-08,In-Store,2,29.64,59.28
T0831,North,Home,Vacuum,2025-05-15,In-Store,5,63.09,315.45000000000005
T0832,West,Electronics,TV,2025-03-10,In-Store,2,99.32,198.64
T0833,South,Toys,Doll,2025-03-14,Online,5,111.71,558.55
T0834,West,Clothing,Shirt,2025-03-02,In-Store,3,488.18,1464.54
T0835,West,Electronics,TV,2025-03-24,In-Store,4,70.94,283.76
T0836,West,Toys,RC Car,2025-01-25,Online,5,131.83,659.1500000000001
T0837,South,Toys,Puzzle,2025-06-03,Online,5,469.96,2349.7999999999997
T0838,West,Home,Lamp,2025-05-24,Online,3,70.46,211.38
T0839,South,Toys,Puzzle,2025-03-23,In-Store,4,70.3,281.2
T0840,North,Home,Vacuum,2025-03-13,In-Store,2,252.11,504.22
T0841,East,Home,Couch,2025-02-12,In-Store,3,220.71,662.13
T0842,South,Toys,Doll,2025-02-28,Online,2,78.57,157.14
T0843,East,Clothing,Jacket,2025-05-07,Online,4,221.03,884.12
T0844,West,Toys,Puzzle,2025-02-07,Online,1,423.69,423.69
T0845,South,Home,Vacuum,2025-03-11,Online,2,376.22,752.44
T0846,South,Toys,Doll,2025-06-23,Online,2,385.29,770.58
T0847,East,Electronics,Laptop,2025-01-28,In-Store,3,297.22,891.6600000000001
T0848,North,Toys,RC Car,2025-03-10,Online,4,229.76,919.04
T0849,West,Home,Couch,2025-01-13,In-Store,5,69.01,345.05
T0850,North,Toys,Doll,2025-03-03,In-Store,4,131.31,525.24
T0851,South,Clothing,Jeans,2025-06-17,Online,4,146.04,584.16
T0852,West,Toys,RC Car,2025-06-04,Online,3,452.35,1357.0500000000002
T0853,North,Home,Couch,2025-04-10,In-Store,2,247.36,494.72
T0854,West,Electronics,Laptop,2025-04-22,In-Store,3,308.86,926.58
T0855,East,Toys,RC Car,2025-02-09,In-Store,2,325.57,651.14
T0856,West,Toys,Doll,2025-02-02,In-Store,4,153.69,614.76
T0857,West,Home,Couch,2025-01-12,Online,1,277.74,277.74
T0858,North,Toys,RC Car,2025-04-01,In-Store,5,407.35,2036.75
T0859,North,Electronics,Headphones,2025-02-16,In-Store,4,93.88,375.52
T0860,West,Home,Lamp,2025-06-21,In-Store,5,363.43,1817.15
T0861,South,Clothing,Shirt,2025-06-04,In-Store,1,374.78,374.78
T0862,North,Electronics,Laptop,2025-06-17,In-Store,1,11.59,11.59
T0863,West,Toys,Puzzle,2025-06-07,In-Store,5,407.5,2037.5
T0864,North,Clothing,Shirt,2025-01-05,Online,1,99.45,99.45
T0865,West,Clothing,Jacket,2025-06-10,Online,2,220.72,441.44
T0866,West,Clothing,Jeans,2025-02-12,Online,4,15.8,63.2
T0867,West,Electronics,Laptop,2025-03-17,In-Store,5,125.1,625.5
T0868,North,Electronics,Headphones,2025-05-07,In-Store,4,489.85,1959.4
T0869,West,Toys,RC Car,2025-06-23,In-Store,5,363.68,1818.4
T0870,North,Electronics,Laptop,2025-01-17,In-Store,5,161.35,806.75
T0871,North,Toys,RC Car,2025-04-22,Online,3,226.92,680.76
T0872,South,Toys,Puzzle,2025-02-26,In-Store,4,119.89,479.56
T0873,East,Toys,Puzzle,2025-02-11,Online,3,399.01,1197.03
T0874,North,Toys,Doll,2025-06-05,In-Store,2,103.74,207.48
T0875,West,Home,Vacuum,2025-01-05,In-Store,2,280.63,561.26
T0876,South,Clothing,Jacket,2025-03-28,In-Store,1,404.37,404.37
T0877,South,Electronics,Headphones,2025-03-29,In-Store,2,245.75,491.5
T0878,East,Clothing,Jacket,2025-01-27,Online,5,304.12,1520.6
T0879,North,Electronics,Headphones,2025-01-27,Online,5,392.17,1960.8500000000001
T0880,North,Clothing,Jeans,2025-04-24,In-Store,2,365.53,731.06
T0881,East,Home,Vacuum,2025-04-23,In-Store,1,425.05,425.05
T0882,West,Home,Lamp,2025-03-10,In-Store,5,89.77,448.84999999999997
T0883,South,Clothing,Jacket,2025-02-05,In-Store,4,394.67,1578.68
T0884,West,Home,Vacuum,2025-01-03,Online,4,77.06,308.24
T0885,East,Toys,Doll,2025-01-10,Online,4,35.43,141.72
T0886,East,Toys,Puzzle,2025-03-22,In-Store,5,437.41,2187.05
T0887,South,Toys,Puzzle,2025-06-09,In-Store,2,444.35,888.7
T0888,West,Clothing,Jeans,2025-03-27,In-Store,1,23.3,23.3
T0889,East,Clothing,Shirt,2025-05-14,In-Store,5,278.13,1390.65
T0890,North,Home,Vacuum,2025-05-10,Online,3,364.62,1093.8600000000001
T0891,East,Home,Vacuum,2025-02-01,In-Store,1,379.5,379.5
T0892,North,Toys,Puzzle,2025-05-29,Online,2,403.67,807.34
T0893,East,Clothing,Jacket,2025-03-05,Online,4,262.23,1048.92
T0894,South,Home,Lamp,2025-04-19,In-Store,1,77.54,77.54
T0895,North,Toys,Doll,2025-01-20,In-Store,4,111.32,445.28
T0896,West,Home,Couch,2025-04-23,In-Store,4,320.05,1280.2
T0897,South,Clothing,Jeans,2025-06-30,Online,4,69.05,276.2
T0898,West,Electronics,Headphones,2025-04-05,Online,2,472.31,944.62
T0899,North,Home,Couch,2025-02-09,Online,3,24.94,74.82000000000001
T0900,East,Home,Lamp,2025-02-06,Online,4,18.85,75.4
T0901,East,Home,Vacuum,2025-05-06,Online,2,410.47,820.94
T0902,East,Electronics,TV,2025-03-21,In-Store,4,243.18,972.72
T0903,West,Clothing,Shirt,2025-04-26,In-Store,5,320.05,1600.25
T0904,East,Electronics,Headphones,2025-03-01,In-Store,5,207.77,1038.8500000000001
T0905,North,Toys,RC Car,2025-02-12,Online,3,324.73,974.19
T0906,North,Electronics,TV,2025-01-14,Online,5,273.21,1366.05
T0907,North,Electronics,Headphones,2025-01-05,In-Store,5,93.97,469.85
T0908,West,Electronics,Headphones,2025-05-31,Online,5,163.61,818.0500000000001
T0909,East,Toys,Doll,2025-05-16,In-Store,4,16.91,67.64
T0910,North,Electronics,TV,2025-02-06,Online,5,88.24,441.2
T0911,North,Clothing,Jeans,2025-01-16,In-Store,4,340.91,1363.64
T0912,North,Home,Lamp,2025-04-16,In-Store,1,163.42,163.42
T0913,North,Electronics,TV,2025-05-31,Online,2,377.31,754.62
T0914,West,Electronics,Laptop,2025-05-22,In-Store,1,162.58,162.58
T0915,North,Toys,RC Car,2025-01-05,In-Store,2,457.3,914.6
T0916,South,Home,Couch,2025-06-12,Online,4,225.76,903.04
T0917,South,Clothing,Jacket,2025-05-23,In-Store,4,480.87,1923.48
T0918,West,Home,Couch,2025-05-04,In-Store,2,5.27,10.54
T0919,West,Home,Couch,2025-05-11,In-Store,2,294.65,589.3
T0920,North,Home,Vacuum,2025-02-05,In-Store,4,350.72,1402.88
T0921,East,Home,Couch,2025-04-26,In-Store,3,489.92,1469.76
T0922,East,Home,Vacuum,2025-03-26,Online,4,479.7,1918.8
T0923,North,Toys,Doll,2025-04-16,In-Store,1,337.99,337.99
T0924,North,Electronics,Headphones,2025-06-21,In-Store,1,446.82,446.82
T0925,West,Home,Lamp,2025-06-28,Online,2,420.38,840.76
T0926,East,Clothing,Jeans,2025-01-06,In-Store,1,114.65,114.65
T0927,North,Home,Couch,2025-05-07,In-Store,2,120.96,241.92
T0928,West,Clothing,Shirt,2025-06-13,In-Store,2,492.21,984.42
T0929,West,Clothing,Jacket,2025-05-25,Online,2,331.62,663.24
T0930,South,Electronics,TV,2025-02-28,In-Store,3,467.11,1401.33
T0931,North,Home,Couch,2025-01-01,In-Store,5,442.14,2210.7
T0932,West,Toys,Puzzle,2025-04-30,In-Store,1,341.69,341.69
T0933,North,Clothing,Shirt,2025-05-17,In-Store,3,459.6,1378.8000000000002
T0934,West,Clothing,Jeans,2025-01-07,Online,1,440.65,440.65
T0935,South,Clothing,Shirt,2025-06-10,Online,3,158.85,476.54999999999995
T0936,West,Electronics,Headphones,2025-03-05,Online,3,421.05,1263.15
T0937,East,Electronics,Laptop,2025-01-19,In-Store,5,398.09,1990.4499999999998
T0938,West,Electronics,TV,2025-04-07,In-Store,1,458.77,458.77
T0939,North,Toys,Doll,2025-04-21,Online,3,307.32,921.96
T0940,North,Electronics,Laptop,2025-06-08,In-Store,4,203.83,815.32
T0941,North,Toys,Puzzle,2025-06-08,Online,4,398.61,1594.44
T0942,North,Toys,RC Car,2025-01-28,Online,3,295.97,887.9100000000001
T0943,North,Clothing,Jacket,2025-03-07,In-Store,2,320.5,641.0
T0944,West,Clothing,Shirt,2025-01-16,Online,2,399.53,799.06
T0945,West,Home,Lamp,2025-02-07,Online,5,443.18,2215.9
T0946,East,Home,Lamp,2025-06-18,Online,8,261.25,261.25
T0947,North,Toys,Puzzle,2025-06-13,Online,2,488.37,976.74
T0948,South,Toys,RC Car,2025-03-26,In-Store,4,301.88,1207.52
T0949,East,Clothing,Shirt,2025-01-11,In-Store,4,438.67,1754.68
T0950,South,Clothing,Jeans,2025-05-04,In-Store,5,110.5,552.5
T0951,West,Clothing,Shirt,2025-04-02,Online,3,9.9,29.700000000000003
T0952,East,Toys,Doll,2025-04-03,Online,5,456.79,2283.9500000000003
T0953,South,Home,Vacuum,2025-02-14,In-Store,2,443.26,886.52
T0954,South,Electronics,TV,2025-01-06,Online,3,455.77,1367.31
T0955,North,Home,Vacuum,2025-04-05,In-Store,3,230.82,692.46
T0956,West,Electronics,TV,2025-02-03,Online,2,441.95,883.9
T0957,West,Home,Lamp,2025-06-12,Online,5,217.62,1088.1
T0958,South,Home,Vacuum,2025-06-11,In-Store,3,127.35,382.04999999999995
T0959,West,Clothing,Jacket,2025-06-19,Online,1,393.41,393.41
T0960,West,Home,Lamp,2025-03-24,In-Store,5,234.81,1174.05
T0961,West,Toys,Puzzle,2025-05-30,Online,5,203.47,1017.35
T0962,South,Toys,Doll,2025-04-19,In-Store,4,113.2,452.8
T0963,East,Electronics,TV,2025-05-13,In-Store,1,151.05,151.05
T0964,North,Toys,RC Car,2025-04-26,In-Store,5,171.51,857.55
T0965,East,Toys,Puzzle,2025-02-15,In-Store,3,194.27,582.8100000000001
T0966,North,Home,Vacuum,2025-05-12,Online,3,422.09,1266.27
T0967,North,Electronics,TV,2025-02-21,In-Store,3,23.95,71.85
T0968,East,Home,Lamp,2025-06-04,Online,3,99.37,298.11
T0969,East,Home,Lamp,2025-05-29,Online,4,473.18,1892.72
T0970,South,Toys,Doll,2025-02-23,In-Store,2,363.05,726.1
T0971,West,Toys,Puzzle,2025-02-18,In-Store,1,159.97,159.97
T0972,West,Toys,RC Car,2025-05-28,Online,1,190.48,190.48
T0973,North,Toys,RC Car,2025-04-18,In-Store,3,173.21,519.63
T0974,East,Home,Couch,2025-01-09,Online,1,285.95,285.95
T0975,West,Toys,Doll,2025-04-09,Online,4,36.54,146.16
T0976,East,Toys,RC Car,2025-01-27,Online,3,51.15,153.45
T0977,West,Electronics,TV,2025-04-09,In-Store,2,39.4,78.8
T0978,East,Electronics,Laptop,2025-01-03,Online,1,187.48,187.48
T0979,West,Clothing,Shirt,2025-05-03,Online,2,270.54,541.08
T0980,South,Clothing,Jeans,2025-06-20,In-Store,4,409.86,1639.44
T0981,East,Clothing,Jacket,2025-01-02,Online,4,141.34,565.36
T0982,West,Clothing,Jacket,2025-05-06,In-Store,3,455.6,1366.8000000000002
T0983,North,Electronics,Laptop,2025-03-18,In-Store,4,176.66,706.64
T0984,South,Clothing,Jacket,2025-06-18,Online,4,231.62,926.48
T0985,North,Clothing,Shirt,2025-05-18,In-Store,3,441.87,1325.6100000000001
T0986,South,Toys,Puzzle,2025-04-05,Online,5,65.01,325.05
T0987,East,Toys,Puzzle,2025-05-10,Online,2,130.12,260.24
T0988,North,Toys,Puzzle,2025-02-19,In-Store,3,374.25,1122.75
T0989,East,Electronics,Headphones,2025-04-29,In-Store,2,166.92,333.84
T0990,North,Clothing,Jacket,2025-03-13,Online,4,74.43,297.72
T0991,North,Clothing,Jeans,2025-04-11,Online,1,269.65,269.65
T0992,North,Home,Vacuum,2025-02-25,Online,4,182.25,729.0
T0993,North,Electronics,Laptop,2025-06-03,Online,3,224.77,674.3100000000001
T0994,West,Clothing,Shirt,2025-02-21,Online,3,454.83,1364.49
T0995,North,Electronics,Laptop,2025-01-17,Online,2,341.58,683.16
T0996,South,Clothing,Shirt,2025-03-25,In-Store,4,258.69,1034.76
T0997,South,Toys,Puzzle,2025-01-28,In-Store,1,120.04,120.04
T0998,North,Toys,RC Car,2025-02-24,In-Store,3,10.93,32.79
T0999,East,Home,Vacuum,2025-04-16,In-Store,1,443.3,443.3
